Setup LCG_106c stack built for x86_64-el9-gcc13-opt which has gcc13 and ROOT 6.32.10
ProcessNano.py::START::Time(2025-06-23 09:16:14.105463)
We have 300 files
root://hip-cms-se.csc.fi//store/user/nbinnorj/VBSSignalProdv3p0_NanoGen_v1p0/CRABOUTPUT/WPMJJWPMJJjj_EWK_LO_4f_mmjj150_mWW500_madgraph_pythia8/RunIII2024Summer24NanoGeN_v1p0/250118_190353/0000/NanoGen_51.root
root://hip-cms-se.csc.fi//store/user/nbinnorj/VBSSignalProdv3p0_NanoGen_v1p0/CRABOUTPUT/WPMJJWPMJJjj_EWK_LO_4f_mmjj150_mWW500_madgraph_pythia8/RunIII2024Summer24NanoGeN_v1p0/250118_190353/0000/NanoGen_99.root
root://hip-cms-se.csc.fi//store/user/nbinnorj/VBSSignalProdv3p0_NanoGen_v1p0/CRABOUTPUT/WPMJJWPMJJjj_EWK_LO_4f_mmjj150_mWW500_madgraph_pythia8/RunIII2024Summer24NanoGeN_v1p0/250118_190353/0000/NanoGen_218.root
root://hip-cms-se.csc.fi//store/user/nbinnorj/VBSSignalProdv3p0_NanoGen_v1p0/CRABOUTPUT/WPMJJWPMJJjj_EWK_LO_4f_mmjj150_mWW500_madgraph_pythia8/RunIII2024Summer24NanoGeN_v1p0/250118_190353/0000/NanoGen_241.root
root://hip-cms-se.csc.fi//store/user/nbinnorj/VBSSignalProdv3p0_NanoGen_v1p0/CRABOUTPUT/WPMJJWPMJJjj_EWK_LO_4f_mmjj150_mWW500_madgraph_pythia8/RunIII2024Summer24NanoGeN_v1p0/250118_190353/0000/NanoGen_96.root
root://hip-cms-se.csc.fi//store/user/nbinnorj/VBSSignalProdv3p0_NanoGen_v1p0/CRABOUTPUT/WPMJJWPMJJjj_EWK_LO_4f_mmjj150_mWW500_madgraph_pythia8/RunIII2024Summer24NanoGeN_v1p0/250118_190353/0000/NanoGen_77.root
root://hip-cms-se.csc.fi//store/user/nbinnorj/VBSSignalProdv3p0_NanoGen_v1p0/CRABOUTPUT/WPMJJWPMJJjj_EWK_LO_4f_mmjj150_mWW500_madgraph_pythia8/RunIII2024Summer24NanoGeN_v1p0/250118_190353/0000/NanoGen_32.root
root://hip-cms-se.csc.fi//store/user/nbinnorj/VBSSignalProdv3p0_NanoGen_v1p0/CRABOUTPUT/WPMJJWPMJJjj_EWK_LO_4f_mmjj150_mWW500_madgraph_pythia8/RunIII2024Summer24NanoGeN_v1p0/250118_190353/0000/NanoGen_153.root
root://hip-cms-se.csc.fi//store/user/nbinnorj/VBSSignalProdv3p0_NanoGen_v1p0/CRABOUTPUT/WPMJJWPMJJjj_EWK_LO_4f_mmjj150_mWW500_madgraph_pythia8/RunIII2024Summer24NanoGeN_v1p0/250118_190353/0000/NanoGen_209.root
root://hip-cms-se.csc.fi//store/user/nbinnorj/VBSSignalProdv3p0_NanoGen_v1p0/CRABOUTPUT/WPMJJWPMJJjj_EWK_LO_4f_mmjj150_mWW500_madgraph_pythia8/RunIII2024Summer24NanoGeN_v1p0/250118_190353/0000/NanoGen_201.root
root://hip-cms-se.csc.fi//store/user/nbinnorj/VBSSignalProdv3p0_NanoGen_v1p0/CRABOUTPUT/WPMJJWPMJJjj_EWK_LO_4f_mmjj150_mWW500_madgraph_pythia8/RunIII2024Summer24NanoGeN_v1p0/250118_190353/0000/NanoGen_257.root
root://hip-cms-se.csc.fi//store/user/nbinnorj/VBSSignalProdv3p0_NanoGen_v1p0/CRABOUTPUT/WPMJJWPMJJjj_EWK_LO_4f_mmjj150_mWW500_madgraph_pythia8/RunIII2024Summer24NanoGeN_v1p0/250118_190353/0000/NanoGen_2.root
root://hip-cms-se.csc.fi//store/user/nbinnorj/VBSSignalProdv3p0_NanoGen_v1p0/CRABOUTPUT/WPMJJWPMJJjj_EWK_LO_4f_mmjj150_mWW500_madgraph_pythia8/RunIII2024Summer24NanoGeN_v1p0/250118_190353/0000/NanoGen_250.root
root://hip-cms-se.csc.fi//store/user/nbinnorj/VBSSignalProdv3p0_NanoGen_v1p0/CRABOUTPUT/WPMJJWPMJJjj_EWK_LO_4f_mmjj150_mWW500_madgraph_pythia8/RunIII2024Summer24NanoGeN_v1p0/250118_190353/0000/NanoGen_1.root
root://hip-cms-se.csc.fi//store/user/nbinnorj/VBSSignalProdv3p0_NanoGen_v1p0/CRABOUTPUT/WPMJJWPMJJjj_EWK_LO_4f_mmjj150_mWW500_madgraph_pythia8/RunIII2024Summer24NanoGeN_v1p0/250118_190353/0000/NanoGen_89.root
root://hip-cms-se.csc.fi//store/user/nbinnorj/VBSSignalProdv3p0_NanoGen_v1p0/CRABOUTPUT/WPMJJWPMJJjj_EWK_LO_4f_mmjj150_mWW500_madgraph_pythia8/RunIII2024Summer24NanoGeN_v1p0/250118_190353/0000/NanoGen_91.root
root://hip-cms-se.csc.fi//store/user/nbinnorj/VBSSignalProdv3p0_NanoGen_v1p0/CRABOUTPUT/WPMJJWPMJJjj_EWK_LO_4f_mmjj150_mWW500_madgraph_pythia8/RunIII2024Summer24NanoGeN_v1p0/250118_190353/0000/NanoGen_240.root
root://hip-cms-se.csc.fi//store/user/nbinnorj/VBSSignalProdv3p0_NanoGen_v1p0/CRABOUTPUT/WPMJJWPMJJjj_EWK_LO_4f_mmjj150_mWW500_madgraph_pythia8/RunIII2024Summer24NanoGeN_v1p0/250118_190353/0000/NanoGen_210.root
root://hip-cms-se.csc.fi//store/user/nbinnorj/VBSSignalProdv3p0_NanoGen_v1p0/CRABOUTPUT/WPMJJWPMJJjj_EWK_LO_4f_mmjj150_mWW500_madgraph_pythia8/RunIII2024Summer24NanoGeN_v1p0/250118_190353/0000/NanoGen_31.root
root://hip-cms-se.csc.fi//store/user/nbinnorj/VBSSignalProdv3p0_NanoGen_v1p0/CRABOUTPUT/WPMJJWPMJJjj_EWK_LO_4f_mmjj150_mWW500_madgraph_pythia8/RunIII2024Summer24NanoGeN_v1p0/250118_190353/0000/NanoGen_174.root
root://hip-cms-se.csc.fi//store/user/nbinnorj/VBSSignalProdv3p0_NanoGen_v1p0/CRABOUTPUT/WPMJJWPMJJjj_EWK_LO_4f_mmjj150_mWW500_madgraph_pythia8/RunIII2024Summer24NanoGeN_v1p0/250118_190353/0000/NanoGen_166.root
root://hip-cms-se.csc.fi//store/user/nbinnorj/VBSSignalProdv3p0_NanoGen_v1p0/CRABOUTPUT/WPMJJWPMJJjj_EWK_LO_4f_mmjj150_mWW500_madgraph_pythia8/RunIII2024Summer24NanoGeN_v1p0/250118_190353/0000/NanoGen_145.root
root://hip-cms-se.csc.fi//store/user/nbinnorj/VBSSignalProdv3p0_NanoGen_v1p0/CRABOUTPUT/WPMJJWPMJJjj_EWK_LO_4f_mmjj150_mWW500_madgraph_pythia8/RunIII2024Summer24NanoGeN_v1p0/250118_190353/0000/NanoGen_111.root
root://hip-cms-se.csc.fi//store/user/nbinnorj/VBSSignalProdv3p0_NanoGen_v1p0/CRABOUTPUT/WPMJJWPMJJjj_EWK_LO_4f_mmjj150_mWW500_madgraph_pythia8/RunIII2024Summer24NanoGeN_v1p0/250118_190353/0000/NanoGen_27.root
root://hip-cms-se.csc.fi//store/user/nbinnorj/VBSSignalProdv3p0_NanoGen_v1p0/CRABOUTPUT/WPMJJWPMJJjj_EWK_LO_4f_mmjj150_mWW500_madgraph_pythia8/RunIII2024Summer24NanoGeN_v1p0/250118_190353/0000/NanoGen_190.root
root://hip-cms-se.csc.fi//store/user/nbinnorj/VBSSignalProdv3p0_NanoGen_v1p0/CRABOUTPUT/WPMJJWPMJJjj_EWK_LO_4f_mmjj150_mWW500_madgraph_pythia8/RunIII2024Summer24NanoGeN_v1p0/250118_190353/0000/NanoGen_265.root
root://hip-cms-se.csc.fi//store/user/nbinnorj/VBSSignalProdv3p0_NanoGen_v1p0/CRABOUTPUT/WPMJJWPMJJjj_EWK_LO_4f_mmjj150_mWW500_madgraph_pythia8/RunIII2024Summer24NanoGeN_v1p0/250118_190353/0000/NanoGen_107.root
root://hip-cms-se.csc.fi//store/user/nbinnorj/VBSSignalProdv3p0_NanoGen_v1p0/CRABOUTPUT/WPMJJWPMJJjj_EWK_LO_4f_mmjj150_mWW500_madgraph_pythia8/RunIII2024Summer24NanoGeN_v1p0/250118_190353/0000/NanoGen_181.root
root://hip-cms-se.csc.fi//store/user/nbinnorj/VBSSignalProdv3p0_NanoGen_v1p0/CRABOUTPUT/WPMJJWPMJJjj_EWK_LO_4f_mmjj150_mWW500_madgraph_pythia8/RunIII2024Summer24NanoGeN_v1p0/250118_190353/0000/NanoGen_16.root
root://hip-cms-se.csc.fi//store/user/nbinnorj/VBSSignalProdv3p0_NanoGen_v1p0/CRABOUTPUT/WPMJJWPMJJjj_EWK_LO_4f_mmjj150_mWW500_madgraph_pythia8/RunIII2024Summer24NanoGeN_v1p0/250118_190353/0000/NanoGen_173.root
root://hip-cms-se.csc.fi//store/user/nbinnorj/VBSSignalProdv3p0_NanoGen_v1p0/CRABOUTPUT/WPMJJWPMJJjj_EWK_LO_4f_mmjj150_mWW500_madgraph_pythia8/RunIII2024Summer24NanoGeN_v1p0/250118_190353/0000/NanoGen_185.root
root://hip-cms-se.csc.fi//store/user/nbinnorj/VBSSignalProdv3p0_NanoGen_v1p0/CRABOUTPUT/WPMJJWPMJJjj_EWK_LO_4f_mmjj150_mWW500_madgraph_pythia8/RunIII2024Summer24NanoGeN_v1p0/250118_190353/0000/NanoGen_202.root
root://hip-cms-se.csc.fi//store/user/nbinnorj/VBSSignalProdv3p0_NanoGen_v1p0/CRABOUTPUT/WPMJJWPMJJjj_EWK_LO_4f_mmjj150_mWW500_madgraph_pythia8/RunIII2024Summer24NanoGeN_v1p0/250118_190353/0000/NanoGen_270.root
root://hip-cms-se.csc.fi//store/user/nbinnorj/VBSSignalProdv3p0_NanoGen_v1p0/CRABOUTPUT/WPMJJWPMJJjj_EWK_LO_4f_mmjj150_mWW500_madgraph_pythia8/RunIII2024Summer24NanoGeN_v1p0/250118_190353/0000/NanoGen_260.root
root://hip-cms-se.csc.fi//store/user/nbinnorj/VBSSignalProdv3p0_NanoGen_v1p0/CRABOUTPUT/WPMJJWPMJJjj_EWK_LO_4f_mmjj150_mWW500_madgraph_pythia8/RunIII2024Summer24NanoGeN_v1p0/250118_190353/0000/NanoGen_252.root
root://hip-cms-se.csc.fi//store/user/nbinnorj/VBSSignalProdv3p0_NanoGen_v1p0/CRABOUTPUT/WPMJJWPMJJjj_EWK_LO_4f_mmjj150_mWW500_madgraph_pythia8/RunIII2024Summer24NanoGeN_v1p0/250118_190353/0000/NanoGen_78.root
root://hip-cms-se.csc.fi//store/user/nbinnorj/VBSSignalProdv3p0_NanoGen_v1p0/CRABOUTPUT/WPMJJWPMJJjj_EWK_LO_4f_mmjj150_mWW500_madgraph_pythia8/RunIII2024Summer24NanoGeN_v1p0/250118_190353/0000/NanoGen_196.root
root://hip-cms-se.csc.fi//store/user/nbinnorj/VBSSignalProdv3p0_NanoGen_v1p0/CRABOUTPUT/WPMJJWPMJJjj_EWK_LO_4f_mmjj150_mWW500_madgraph_pythia8/RunIII2024Summer24NanoGeN_v1p0/250118_190353/0000/NanoGen_20.root
root://hip-cms-se.csc.fi//store/user/nbinnorj/VBSSignalProdv3p0_NanoGen_v1p0/CRABOUTPUT/WPMJJWPMJJjj_EWK_LO_4f_mmjj150_mWW500_madgraph_pythia8/RunIII2024Summer24NanoGeN_v1p0/250118_190353/0000/NanoGen_124.root
root://hip-cms-se.csc.fi//store/user/nbinnorj/VBSSignalProdv3p0_NanoGen_v1p0/CRABOUTPUT/WPMJJWPMJJjj_EWK_LO_4f_mmjj150_mWW500_madgraph_pythia8/RunIII2024Summer24NanoGeN_v1p0/250118_190353/0000/NanoGen_193.root
root://hip-cms-se.csc.fi//store/user/nbinnorj/VBSSignalProdv3p0_NanoGen_v1p0/CRABOUTPUT/WPMJJWPMJJjj_EWK_LO_4f_mmjj150_mWW500_madgraph_pythia8/RunIII2024Summer24NanoGeN_v1p0/250118_190353/0000/NanoGen_49.root
root://hip-cms-se.csc.fi//store/user/nbinnorj/VBSSignalProdv3p0_NanoGen_v1p0/CRABOUTPUT/WPMJJWPMJJjj_EWK_LO_4f_mmjj150_mWW500_madgraph_pythia8/RunIII2024Summer24NanoGeN_v1p0/250118_190353/0000/NanoGen_58.root
root://hip-cms-se.csc.fi//store/user/nbinnorj/VBSSignalProdv3p0_NanoGen_v1p0/CRABOUTPUT/WPMJJWPMJJjj_EWK_LO_4f_mmjj150_mWW500_madgraph_pythia8/RunIII2024Summer24NanoGeN_v1p0/250118_190353/0000/NanoGen_267.root
root://hip-cms-se.csc.fi//store/user/nbinnorj/VBSSignalProdv3p0_NanoGen_v1p0/CRABOUTPUT/WPMJJWPMJJjj_EWK_LO_4f_mmjj150_mWW500_madgraph_pythia8/RunIII2024Summer24NanoGeN_v1p0/250118_190353/0000/NanoGen_272.root
root://hip-cms-se.csc.fi//store/user/nbinnorj/VBSSignalProdv3p0_NanoGen_v1p0/CRABOUTPUT/WPMJJWPMJJjj_EWK_LO_4f_mmjj150_mWW500_madgraph_pythia8/RunIII2024Summer24NanoGeN_v1p0/250118_190353/0000/NanoGen_95.root
root://hip-cms-se.csc.fi//store/user/nbinnorj/VBSSignalProdv3p0_NanoGen_v1p0/CRABOUTPUT/WPMJJWPMJJjj_EWK_LO_4f_mmjj150_mWW500_madgraph_pythia8/RunIII2024Summer24NanoGeN_v1p0/250118_190353/0000/NanoGen_204.root
root://hip-cms-se.csc.fi//store/user/nbinnorj/VBSSignalProdv3p0_NanoGen_v1p0/CRABOUTPUT/WPMJJWPMJJjj_EWK_LO_4f_mmjj150_mWW500_madgraph_pythia8/RunIII2024Summer24NanoGeN_v1p0/250118_190353/0000/NanoGen_172.root
root://hip-cms-se.csc.fi//store/user/nbinnorj/VBSSignalProdv3p0_NanoGen_v1p0/CRABOUTPUT/WPMJJWPMJJjj_EWK_LO_4f_mmjj150_mWW500_madgraph_pythia8/RunIII2024Summer24NanoGeN_v1p0/250118_190353/0000/NanoGen_53.root
root://hip-cms-se.csc.fi//store/user/nbinnorj/VBSSignalProdv3p0_NanoGen_v1p0/CRABOUTPUT/WPMJJWPMJJjj_EWK_LO_4f_mmjj150_mWW500_madgraph_pythia8/RunIII2024Summer24NanoGeN_v1p0/250118_190353/0000/NanoGen_212.root
root://hip-cms-se.csc.fi//store/user/nbinnorj/VBSSignalProdv3p0_NanoGen_v1p0/CRABOUTPUT/WPMJJWPMJJjj_EWK_LO_4f_mmjj150_mWW500_madgraph_pythia8/RunIII2024Summer24NanoGeN_v1p0/250118_190353/0000/NanoGen_200.root
root://hip-cms-se.csc.fi//store/user/nbinnorj/VBSSignalProdv3p0_NanoGen_v1p0/CRABOUTPUT/WPMJJWPMJJjj_EWK_LO_4f_mmjj150_mWW500_madgraph_pythia8/RunIII2024Summer24NanoGeN_v1p0/250118_190353/0000/NanoGen_81.root
root://hip-cms-se.csc.fi//store/user/nbinnorj/VBSSignalProdv3p0_NanoGen_v1p0/CRABOUTPUT/WPMJJWPMJJjj_EWK_LO_4f_mmjj150_mWW500_madgraph_pythia8/RunIII2024Summer24NanoGeN_v1p0/250118_190353/0000/NanoGen_195.root
root://hip-cms-se.csc.fi//store/user/nbinnorj/VBSSignalProdv3p0_NanoGen_v1p0/CRABOUTPUT/WPMJJWPMJJjj_EWK_LO_4f_mmjj150_mWW500_madgraph_pythia8/RunIII2024Summer24NanoGeN_v1p0/250118_190353/0000/NanoGen_198.root
root://hip-cms-se.csc.fi//store/user/nbinnorj/VBSSignalProdv3p0_NanoGen_v1p0/CRABOUTPUT/WPMJJWPMJJjj_EWK_LO_4f_mmjj150_mWW500_madgraph_pythia8/RunIII2024Summer24NanoGeN_v1p0/250118_190353/0000/NanoGen_220.root
root://hip-cms-se.csc.fi//store/user/nbinnorj/VBSSignalProdv3p0_NanoGen_v1p0/CRABOUTPUT/WPMJJWPMJJjj_EWK_LO_4f_mmjj150_mWW500_madgraph_pythia8/RunIII2024Summer24NanoGeN_v1p0/250118_190353/0000/NanoGen_71.root
root://hip-cms-se.csc.fi//store/user/nbinnorj/VBSSignalProdv3p0_NanoGen_v1p0/CRABOUTPUT/WPMJJWPMJJjj_EWK_LO_4f_mmjj150_mWW500_madgraph_pythia8/RunIII2024Summer24NanoGeN_v1p0/250118_190353/0000/NanoGen_106.root
root://hip-cms-se.csc.fi//store/user/nbinnorj/VBSSignalProdv3p0_NanoGen_v1p0/CRABOUTPUT/WPMJJWPMJJjj_EWK_LO_4f_mmjj150_mWW500_madgraph_pythia8/RunIII2024Summer24NanoGeN_v1p0/250118_190353/0000/NanoGen_79.root
root://hip-cms-se.csc.fi//store/user/nbinnorj/VBSSignalProdv3p0_NanoGen_v1p0/CRABOUTPUT/WPMJJWPMJJjj_EWK_LO_4f_mmjj150_mWW500_madgraph_pythia8/RunIII2024Summer24NanoGeN_v1p0/250118_190353/0000/NanoGen_180.root
root://hip-cms-se.csc.fi//store/user/nbinnorj/VBSSignalProdv3p0_NanoGen_v1p0/CRABOUTPUT/WPMJJWPMJJjj_EWK_LO_4f_mmjj150_mWW500_madgraph_pythia8/RunIII2024Summer24NanoGeN_v1p0/250118_190353/0000/NanoGen_147.root
root://hip-cms-se.csc.fi//store/user/nbinnorj/VBSSignalProdv3p0_NanoGen_v1p0/CRABOUTPUT/WPMJJWPMJJjj_EWK_LO_4f_mmjj150_mWW500_madgraph_pythia8/RunIII2024Summer24NanoGeN_v1p0/250118_190353/0000/NanoGen_283.root
root://hip-cms-se.csc.fi//store/user/nbinnorj/VBSSignalProdv3p0_NanoGen_v1p0/CRABOUTPUT/WPMJJWPMJJjj_EWK_LO_4f_mmjj150_mWW500_madgraph_pythia8/RunIII2024Summer24NanoGeN_v1p0/250118_190353/0000/NanoGen_219.root
root://hip-cms-se.csc.fi//store/user/nbinnorj/VBSSignalProdv3p0_NanoGen_v1p0/CRABOUTPUT/WPMJJWPMJJjj_EWK_LO_4f_mmjj150_mWW500_madgraph_pythia8/RunIII2024Summer24NanoGeN_v1p0/250118_190353/0000/NanoGen_5.root
root://hip-cms-se.csc.fi//store/user/nbinnorj/VBSSignalProdv3p0_NanoGen_v1p0/CRABOUTPUT/WPMJJWPMJJjj_EWK_LO_4f_mmjj150_mWW500_madgraph_pythia8/RunIII2024Summer24NanoGeN_v1p0/250118_190353/0000/NanoGen_168.root
root://hip-cms-se.csc.fi//store/user/nbinnorj/VBSSignalProdv3p0_NanoGen_v1p0/CRABOUTPUT/WPMJJWPMJJjj_EWK_LO_4f_mmjj150_mWW500_madgraph_pythia8/RunIII2024Summer24NanoGeN_v1p0/250118_190353/0000/NanoGen_164.root
root://hip-cms-se.csc.fi//store/user/nbinnorj/VBSSignalProdv3p0_NanoGen_v1p0/CRABOUTPUT/WPMJJWPMJJjj_EWK_LO_4f_mmjj150_mWW500_madgraph_pythia8/RunIII2024Summer24NanoGeN_v1p0/250118_190353/0000/NanoGen_93.root
root://hip-cms-se.csc.fi//store/user/nbinnorj/VBSSignalProdv3p0_NanoGen_v1p0/CRABOUTPUT/WPMJJWPMJJjj_EWK_LO_4f_mmjj150_mWW500_madgraph_pythia8/RunIII2024Summer24NanoGeN_v1p0/250118_190353/0000/NanoGen_225.root
root://hip-cms-se.csc.fi//store/user/nbinnorj/VBSSignalProdv3p0_NanoGen_v1p0/CRABOUTPUT/WPMJJWPMJJjj_EWK_LO_4f_mmjj150_mWW500_madgraph_pythia8/RunIII2024Summer24NanoGeN_v1p0/250118_190353/0000/NanoGen_256.root
root://hip-cms-se.csc.fi//store/user/nbinnorj/VBSSignalProdv3p0_NanoGen_v1p0/CRABOUTPUT/WPMJJWPMJJjj_EWK_LO_4f_mmjj150_mWW500_madgraph_pythia8/RunIII2024Summer24NanoGeN_v1p0/250118_190353/0000/NanoGen_262.root
root://hip-cms-se.csc.fi//store/user/nbinnorj/VBSSignalProdv3p0_NanoGen_v1p0/CRABOUTPUT/WPMJJWPMJJjj_EWK_LO_4f_mmjj150_mWW500_madgraph_pythia8/RunIII2024Summer24NanoGeN_v1p0/250118_190353/0000/NanoGen_69.root
root://hip-cms-se.csc.fi//store/user/nbinnorj/VBSSignalProdv3p0_NanoGen_v1p0/CRABOUTPUT/WPMJJWPMJJjj_EWK_LO_4f_mmjj150_mWW500_madgraph_pythia8/RunIII2024Summer24NanoGeN_v1p0/250118_190353/0000/NanoGen_143.root
root://hip-cms-se.csc.fi//store/user/nbinnorj/VBSSignalProdv3p0_NanoGen_v1p0/CRABOUTPUT/WPMJJWPMJJjj_EWK_LO_4f_mmjj150_mWW500_madgraph_pythia8/RunIII2024Summer24NanoGeN_v1p0/250118_190353/0000/NanoGen_19.root
root://hip-cms-se.csc.fi//store/user/nbinnorj/VBSSignalProdv3p0_NanoGen_v1p0/CRABOUTPUT/WPMJJWPMJJjj_EWK_LO_4f_mmjj150_mWW500_madgraph_pythia8/RunIII2024Summer24NanoGeN_v1p0/250118_190353/0000/NanoGen_24.root
root://hip-cms-se.csc.fi//store/user/nbinnorj/VBSSignalProdv3p0_NanoGen_v1p0/CRABOUTPUT/WPMJJWPMJJjj_EWK_LO_4f_mmjj150_mWW500_madgraph_pythia8/RunIII2024Summer24NanoGeN_v1p0/250118_190353/0000/NanoGen_41.root
root://hip-cms-se.csc.fi//store/user/nbinnorj/VBSSignalProdv3p0_NanoGen_v1p0/CRABOUTPUT/WPMJJWPMJJjj_EWK_LO_4f_mmjj150_mWW500_madgraph_pythia8/RunIII2024Summer24NanoGeN_v1p0/250118_190353/0000/NanoGen_10.root
root://hip-cms-se.csc.fi//store/user/nbinnorj/VBSSignalProdv3p0_NanoGen_v1p0/CRABOUTPUT/WPMJJWPMJJjj_EWK_LO_4f_mmjj150_mWW500_madgraph_pythia8/RunIII2024Summer24NanoGeN_v1p0/250118_190353/0000/NanoGen_45.root
root://hip-cms-se.csc.fi//store/user/nbinnorj/VBSSignalProdv3p0_NanoGen_v1p0/CRABOUTPUT/WPMJJWPMJJjj_EWK_LO_4f_mmjj150_mWW500_madgraph_pythia8/RunIII2024Summer24NanoGeN_v1p0/250118_190353/0000/NanoGen_38.root
root://hip-cms-se.csc.fi//store/user/nbinnorj/VBSSignalProdv3p0_NanoGen_v1p0/CRABOUTPUT/WPMJJWPMJJjj_EWK_LO_4f_mmjj150_mWW500_madgraph_pythia8/RunIII2024Summer24NanoGeN_v1p0/250118_190353/0000/NanoGen_44.root
root://hip-cms-se.csc.fi//store/user/nbinnorj/VBSSignalProdv3p0_NanoGen_v1p0/CRABOUTPUT/WPMJJWPMJJjj_EWK_LO_4f_mmjj150_mWW500_madgraph_pythia8/RunIII2024Summer24NanoGeN_v1p0/250118_190353/0000/NanoGen_55.root
root://hip-cms-se.csc.fi//store/user/nbinnorj/VBSSignalProdv3p0_NanoGen_v1p0/CRABOUTPUT/WPMJJWPMJJjj_EWK_LO_4f_mmjj150_mWW500_madgraph_pythia8/RunIII2024Summer24NanoGeN_v1p0/250118_190353/0000/NanoGen_28.root
root://hip-cms-se.csc.fi//store/user/nbinnorj/VBSSignalProdv3p0_NanoGen_v1p0/CRABOUTPUT/WPMJJWPMJJjj_EWK_LO_4f_mmjj150_mWW500_madgraph_pythia8/RunIII2024Summer24NanoGeN_v1p0/250118_190353/0000/NanoGen_94.root
root://hip-cms-se.csc.fi//store/user/nbinnorj/VBSSignalProdv3p0_NanoGen_v1p0/CRABOUTPUT/WPMJJWPMJJjj_EWK_LO_4f_mmjj150_mWW500_madgraph_pythia8/RunIII2024Summer24NanoGeN_v1p0/250118_190353/0000/NanoGen_48.root
root://hip-cms-se.csc.fi//store/user/nbinnorj/VBSSignalProdv3p0_NanoGen_v1p0/CRABOUTPUT/WPMJJWPMJJjj_EWK_LO_4f_mmjj150_mWW500_madgraph_pythia8/RunIII2024Summer24NanoGeN_v1p0/250118_190353/0000/NanoGen_47.root
root://hip-cms-se.csc.fi//store/user/nbinnorj/VBSSignalProdv3p0_NanoGen_v1p0/CRABOUTPUT/WPMJJWPMJJjj_EWK_LO_4f_mmjj150_mWW500_madgraph_pythia8/RunIII2024Summer24NanoGeN_v1p0/250118_190353/0000/NanoGen_9.root
root://hip-cms-se.csc.fi//store/user/nbinnorj/VBSSignalProdv3p0_NanoGen_v1p0/CRABOUTPUT/WPMJJWPMJJjj_EWK_LO_4f_mmjj150_mWW500_madgraph_pythia8/RunIII2024Summer24NanoGeN_v1p0/250118_190353/0000/NanoGen_39.root
root://hip-cms-se.csc.fi//store/user/nbinnorj/VBSSignalProdv3p0_NanoGen_v1p0/CRABOUTPUT/WPMJJWPMJJjj_EWK_LO_4f_mmjj150_mWW500_madgraph_pythia8/RunIII2024Summer24NanoGeN_v1p0/250118_190353/0000/NanoGen_46.root
root://hip-cms-se.csc.fi//store/user/nbinnorj/VBSSignalProdv3p0_NanoGen_v1p0/CRABOUTPUT/WPMJJWPMJJjj_EWK_LO_4f_mmjj150_mWW500_madgraph_pythia8/RunIII2024Summer24NanoGeN_v1p0/250118_190353/0000/NanoGen_98.root
root://hip-cms-se.csc.fi//store/user/nbinnorj/VBSSignalProdv3p0_NanoGen_v1p0/CRABOUTPUT/WPMJJWPMJJjj_EWK_LO_4f_mmjj150_mWW500_madgraph_pythia8/RunIII2024Summer24NanoGeN_v1p0/250118_190353/0000/NanoGen_14.root
root://hip-cms-se.csc.fi//store/user/nbinnorj/VBSSignalProdv3p0_NanoGen_v1p0/CRABOUTPUT/WPMJJWPMJJjj_EWK_LO_4f_mmjj150_mWW500_madgraph_pythia8/RunIII2024Summer24NanoGeN_v1p0/250118_190353/0000/NanoGen_151.root
root://hip-cms-se.csc.fi//store/user/nbinnorj/VBSSignalProdv3p0_NanoGen_v1p0/CRABOUTPUT/WPMJJWPMJJjj_EWK_LO_4f_mmjj150_mWW500_madgraph_pythia8/RunIII2024Summer24NanoGeN_v1p0/250118_190353/0000/NanoGen_149.root
root://hip-cms-se.csc.fi//store/user/nbinnorj/VBSSignalProdv3p0_NanoGen_v1p0/CRABOUTPUT/WPMJJWPMJJjj_EWK_LO_4f_mmjj150_mWW500_madgraph_pythia8/RunIII2024Summer24NanoGeN_v1p0/250118_190353/0000/NanoGen_50.root
root://hip-cms-se.csc.fi//store/user/nbinnorj/VBSSignalProdv3p0_NanoGen_v1p0/CRABOUTPUT/WPMJJWPMJJjj_EWK_LO_4f_mmjj150_mWW500_madgraph_pythia8/RunIII2024Summer24NanoGeN_v1p0/250118_190353/0000/NanoGen_26.root
root://hip-cms-se.csc.fi//store/user/nbinnorj/VBSSignalProdv3p0_NanoGen_v1p0/CRABOUTPUT/WPMJJWPMJJjj_EWK_LO_4f_mmjj150_mWW500_madgraph_pythia8/RunIII2024Summer24NanoGeN_v1p0/250118_190353/0000/NanoGen_37.root
root://hip-cms-se.csc.fi//store/user/nbinnorj/VBSSignalProdv3p0_NanoGen_v1p0/CRABOUTPUT/WPMJJWPMJJjj_EWK_LO_4f_mmjj150_mWW500_madgraph_pythia8/RunIII2024Summer24NanoGeN_v1p0/250118_190353/0000/NanoGen_7.root
root://hip-cms-se.csc.fi//store/user/nbinnorj/VBSSignalProdv3p0_NanoGen_v1p0/CRABOUTPUT/WPMJJWPMJJjj_EWK_LO_4f_mmjj150_mWW500_madgraph_pythia8/RunIII2024Summer24NanoGeN_v1p0/250118_190353/0000/NanoGen_154.root
root://hip-cms-se.csc.fi//store/user/nbinnorj/VBSSignalProdv3p0_NanoGen_v1p0/CRABOUTPUT/WPMJJWPMJJjj_EWK_LO_4f_mmjj150_mWW500_madgraph_pythia8/RunIII2024Summer24NanoGeN_v1p0/250118_190353/0000/NanoGen_6.root
root://hip-cms-se.csc.fi//store/user/nbinnorj/VBSSignalProdv3p0_NanoGen_v1p0/CRABOUTPUT/WPMJJWPMJJjj_EWK_LO_4f_mmjj150_mWW500_madgraph_pythia8/RunIII2024Summer24NanoGeN_v1p0/250118_190353/0000/NanoGen_189.root
root://hip-cms-se.csc.fi//store/user/nbinnorj/VBSSignalProdv3p0_NanoGen_v1p0/CRABOUTPUT/WPMJJWPMJJjj_EWK_LO_4f_mmjj150_mWW500_madgraph_pythia8/RunIII2024Summer24NanoGeN_v1p0/250118_190353/0000/NanoGen_286.root
root://hip-cms-se.csc.fi//store/user/nbinnorj/VBSSignalProdv3p0_NanoGen_v1p0/CRABOUTPUT/WPMJJWPMJJjj_EWK_LO_4f_mmjj150_mWW500_madgraph_pythia8/RunIII2024Summer24NanoGeN_v1p0/250118_190353/0000/NanoGen_56.root
root://hip-cms-se.csc.fi//store/user/nbinnorj/VBSSignalProdv3p0_NanoGen_v1p0/CRABOUTPUT/WPMJJWPMJJjj_EWK_LO_4f_mmjj150_mWW500_madgraph_pythia8/RunIII2024Summer24NanoGeN_v1p0/250118_190353/0000/NanoGen_281.root
root://hip-cms-se.csc.fi//store/user/nbinnorj/VBSSignalProdv3p0_NanoGen_v1p0/CRABOUTPUT/WPMJJWPMJJjj_EWK_LO_4f_mmjj150_mWW500_madgraph_pythia8/RunIII2024Summer24NanoGeN_v1p0/250118_190353/0000/NanoGen_280.root
root://hip-cms-se.csc.fi//store/user/nbinnorj/VBSSignalProdv3p0_NanoGen_v1p0/CRABOUTPUT/WPMJJWPMJJjj_EWK_LO_4f_mmjj150_mWW500_madgraph_pythia8/RunIII2024Summer24NanoGeN_v1p0/250118_190353/0000/NanoGen_146.root
root://hip-cms-se.csc.fi//store/user/nbinnorj/VBSSignalProdv3p0_NanoGen_v1p0/CRABOUTPUT/WPMJJWPMJJjj_EWK_LO_4f_mmjj150_mWW500_madgraph_pythia8/RunIII2024Summer24NanoGeN_v1p0/250118_190353/0000/NanoGen_64.root
root://hip-cms-se.csc.fi//store/user/nbinnorj/VBSSignalProdv3p0_NanoGen_v1p0/CRABOUTPUT/WPMJJWPMJJjj_EWK_LO_4f_mmjj150_mWW500_madgraph_pythia8/RunIII2024Summer24NanoGeN_v1p0/250118_190353/0000/NanoGen_36.root
root://hip-cms-se.csc.fi//store/user/nbinnorj/VBSSignalProdv3p0_NanoGen_v1p0/CRABOUTPUT/WPMJJWPMJJjj_EWK_LO_4f_mmjj150_mWW500_madgraph_pythia8/RunIII2024Summer24NanoGeN_v1p0/250118_190353/0000/NanoGen_238.root
root://hip-cms-se.csc.fi//store/user/nbinnorj/VBSSignalProdv3p0_NanoGen_v1p0/CRABOUTPUT/WPMJJWPMJJjj_EWK_LO_4f_mmjj150_mWW500_madgraph_pythia8/RunIII2024Summer24NanoGeN_v1p0/250118_190353/0000/NanoGen_229.root
root://hip-cms-se.csc.fi//store/user/nbinnorj/VBSSignalProdv3p0_NanoGen_v1p0/CRABOUTPUT/WPMJJWPMJJjj_EWK_LO_4f_mmjj150_mWW500_madgraph_pythia8/RunIII2024Summer24NanoGeN_v1p0/250118_190353/0000/NanoGen_183.root
root://hip-cms-se.csc.fi//store/user/nbinnorj/VBSSignalProdv3p0_NanoGen_v1p0/CRABOUTPUT/WPMJJWPMJJjj_EWK_LO_4f_mmjj150_mWW500_madgraph_pythia8/RunIII2024Summer24NanoGeN_v1p0/250118_190353/0000/NanoGen_90.root
root://hip-cms-se.csc.fi//store/user/nbinnorj/VBSSignalProdv3p0_NanoGen_v1p0/CRABOUTPUT/WPMJJWPMJJjj_EWK_LO_4f_mmjj150_mWW500_madgraph_pythia8/RunIII2024Summer24NanoGeN_v1p0/250118_190353/0000/NanoGen_86.root
root://hip-cms-se.csc.fi//store/user/nbinnorj/VBSSignalProdv3p0_NanoGen_v1p0/CRABOUTPUT/WPMJJWPMJJjj_EWK_LO_4f_mmjj150_mWW500_madgraph_pythia8/RunIII2024Summer24NanoGeN_v1p0/250118_190353/0000/NanoGen_259.root
root://hip-cms-se.csc.fi//store/user/nbinnorj/VBSSignalProdv3p0_NanoGen_v1p0/CRABOUTPUT/WPMJJWPMJJjj_EWK_LO_4f_mmjj150_mWW500_madgraph_pythia8/RunIII2024Summer24NanoGeN_v1p0/250118_190353/0000/NanoGen_112.root
root://hip-cms-se.csc.fi//store/user/nbinnorj/VBSSignalProdv3p0_NanoGen_v1p0/CRABOUTPUT/WPMJJWPMJJjj_EWK_LO_4f_mmjj150_mWW500_madgraph_pythia8/RunIII2024Summer24NanoGeN_v1p0/250118_190353/0000/NanoGen_118.root
root://hip-cms-se.csc.fi//store/user/nbinnorj/VBSSignalProdv3p0_NanoGen_v1p0/CRABOUTPUT/WPMJJWPMJJjj_EWK_LO_4f_mmjj150_mWW500_madgraph_pythia8/RunIII2024Summer24NanoGeN_v1p0/250118_190353/0000/NanoGen_217.root
root://hip-cms-se.csc.fi//store/user/nbinnorj/VBSSignalProdv3p0_NanoGen_v1p0/CRABOUTPUT/WPMJJWPMJJjj_EWK_LO_4f_mmjj150_mWW500_madgraph_pythia8/RunIII2024Summer24NanoGeN_v1p0/250118_190353/0000/NanoGen_258.root
root://hip-cms-se.csc.fi//store/user/nbinnorj/VBSSignalProdv3p0_NanoGen_v1p0/CRABOUTPUT/WPMJJWPMJJjj_EWK_LO_4f_mmjj150_mWW500_madgraph_pythia8/RunIII2024Summer24NanoGeN_v1p0/250118_190353/0000/NanoGen_214.root
root://hip-cms-se.csc.fi//store/user/nbinnorj/VBSSignalProdv3p0_NanoGen_v1p0/CRABOUTPUT/WPMJJWPMJJjj_EWK_LO_4f_mmjj150_mWW500_madgraph_pythia8/RunIII2024Summer24NanoGeN_v1p0/250118_190353/0000/NanoGen_116.root
root://hip-cms-se.csc.fi//store/user/nbinnorj/VBSSignalProdv3p0_NanoGen_v1p0/CRABOUTPUT/WPMJJWPMJJjj_EWK_LO_4f_mmjj150_mWW500_madgraph_pythia8/RunIII2024Summer24NanoGeN_v1p0/250118_190353/0000/NanoGen_171.root
root://hip-cms-se.csc.fi//store/user/nbinnorj/VBSSignalProdv3p0_NanoGen_v1p0/CRABOUTPUT/WPMJJWPMJJjj_EWK_LO_4f_mmjj150_mWW500_madgraph_pythia8/RunIII2024Summer24NanoGeN_v1p0/250118_190353/0000/NanoGen_162.root
root://hip-cms-se.csc.fi//store/user/nbinnorj/VBSSignalProdv3p0_NanoGen_v1p0/CRABOUTPUT/WPMJJWPMJJjj_EWK_LO_4f_mmjj150_mWW500_madgraph_pythia8/RunIII2024Summer24NanoGeN_v1p0/250118_190353/0000/NanoGen_18.root
root://hip-cms-se.csc.fi//store/user/nbinnorj/VBSSignalProdv3p0_NanoGen_v1p0/CRABOUTPUT/WPMJJWPMJJjj_EWK_LO_4f_mmjj150_mWW500_madgraph_pythia8/RunIII2024Summer24NanoGeN_v1p0/250118_190353/0000/NanoGen_156.root
root://hip-cms-se.csc.fi//store/user/nbinnorj/VBSSignalProdv3p0_NanoGen_v1p0/CRABOUTPUT/WPMJJWPMJJjj_EWK_LO_4f_mmjj150_mWW500_madgraph_pythia8/RunIII2024Summer24NanoGeN_v1p0/250118_190353/0000/NanoGen_226.root
root://hip-cms-se.csc.fi//store/user/nbinnorj/VBSSignalProdv3p0_NanoGen_v1p0/CRABOUTPUT/WPMJJWPMJJjj_EWK_LO_4f_mmjj150_mWW500_madgraph_pythia8/RunIII2024Summer24NanoGeN_v1p0/250118_190353/0000/NanoGen_29.root
root://hip-cms-se.csc.fi//store/user/nbinnorj/VBSSignalProdv3p0_NanoGen_v1p0/CRABOUTPUT/WPMJJWPMJJjj_EWK_LO_4f_mmjj150_mWW500_madgraph_pythia8/RunIII2024Summer24NanoGeN_v1p0/250118_190353/0000/NanoGen_239.root
root://hip-cms-se.csc.fi//store/user/nbinnorj/VBSSignalProdv3p0_NanoGen_v1p0/CRABOUTPUT/WPMJJWPMJJjj_EWK_LO_4f_mmjj150_mWW500_madgraph_pythia8/RunIII2024Summer24NanoGeN_v1p0/250118_190353/0000/NanoGen_293.root
root://hip-cms-se.csc.fi//store/user/nbinnorj/VBSSignalProdv3p0_NanoGen_v1p0/CRABOUTPUT/WPMJJWPMJJjj_EWK_LO_4f_mmjj150_mWW500_madgraph_pythia8/RunIII2024Summer24NanoGeN_v1p0/250118_190353/0000/NanoGen_254.root
root://hip-cms-se.csc.fi//store/user/nbinnorj/VBSSignalProdv3p0_NanoGen_v1p0/CRABOUTPUT/WPMJJWPMJJjj_EWK_LO_4f_mmjj150_mWW500_madgraph_pythia8/RunIII2024Summer24NanoGeN_v1p0/250118_190353/0000/NanoGen_224.root
root://hip-cms-se.csc.fi//store/user/nbinnorj/VBSSignalProdv3p0_NanoGen_v1p0/CRABOUTPUT/WPMJJWPMJJjj_EWK_LO_4f_mmjj150_mWW500_madgraph_pythia8/RunIII2024Summer24NanoGeN_v1p0/250118_190353/0000/NanoGen_22.root
root://hip-cms-se.csc.fi//store/user/nbinnorj/VBSSignalProdv3p0_NanoGen_v1p0/CRABOUTPUT/WPMJJWPMJJjj_EWK_LO_4f_mmjj150_mWW500_madgraph_pythia8/RunIII2024Summer24NanoGeN_v1p0/250118_190353/0000/NanoGen_228.root
root://hip-cms-se.csc.fi//store/user/nbinnorj/VBSSignalProdv3p0_NanoGen_v1p0/CRABOUTPUT/WPMJJWPMJJjj_EWK_LO_4f_mmjj150_mWW500_madgraph_pythia8/RunIII2024Summer24NanoGeN_v1p0/250118_190353/0000/NanoGen_75.root
root://hip-cms-se.csc.fi//store/user/nbinnorj/VBSSignalProdv3p0_NanoGen_v1p0/CRABOUTPUT/WPMJJWPMJJjj_EWK_LO_4f_mmjj150_mWW500_madgraph_pythia8/RunIII2024Summer24NanoGeN_v1p0/250118_190353/0000/NanoGen_251.root
root://hip-cms-se.csc.fi//store/user/nbinnorj/VBSSignalProdv3p0_NanoGen_v1p0/CRABOUTPUT/WPMJJWPMJJjj_EWK_LO_4f_mmjj150_mWW500_madgraph_pythia8/RunIII2024Summer24NanoGeN_v1p0/250118_190353/0000/NanoGen_237.root
root://hip-cms-se.csc.fi//store/user/nbinnorj/VBSSignalProdv3p0_NanoGen_v1p0/CRABOUTPUT/WPMJJWPMJJjj_EWK_LO_4f_mmjj150_mWW500_madgraph_pythia8/RunIII2024Summer24NanoGeN_v1p0/250118_190353/0000/NanoGen_292.root
root://hip-cms-se.csc.fi//store/user/nbinnorj/VBSSignalProdv3p0_NanoGen_v1p0/CRABOUTPUT/WPMJJWPMJJjj_EWK_LO_4f_mmjj150_mWW500_madgraph_pythia8/RunIII2024Summer24NanoGeN_v1p0/250118_190353/0000/NanoGen_68.root
root://hip-cms-se.csc.fi//store/user/nbinnorj/VBSSignalProdv3p0_NanoGen_v1p0/CRABOUTPUT/WPMJJWPMJJjj_EWK_LO_4f_mmjj150_mWW500_madgraph_pythia8/RunIII2024Summer24NanoGeN_v1p0/250118_190353/0000/NanoGen_101.root
root://hip-cms-se.csc.fi//store/user/nbinnorj/VBSSignalProdv3p0_NanoGen_v1p0/CRABOUTPUT/WPMJJWPMJJjj_EWK_LO_4f_mmjj150_mWW500_madgraph_pythia8/RunIII2024Summer24NanoGeN_v1p0/250118_190353/0000/NanoGen_61.root
root://hip-cms-se.csc.fi//store/user/nbinnorj/VBSSignalProdv3p0_NanoGen_v1p0/CRABOUTPUT/WPMJJWPMJJjj_EWK_LO_4f_mmjj150_mWW500_madgraph_pythia8/RunIII2024Summer24NanoGeN_v1p0/250118_190353/0000/NanoGen_232.root
root://hip-cms-se.csc.fi//store/user/nbinnorj/VBSSignalProdv3p0_NanoGen_v1p0/CRABOUTPUT/WPMJJWPMJJjj_EWK_LO_4f_mmjj150_mWW500_madgraph_pythia8/RunIII2024Summer24NanoGeN_v1p0/250118_190353/0000/NanoGen_100.root
root://hip-cms-se.csc.fi//store/user/nbinnorj/VBSSignalProdv3p0_NanoGen_v1p0/CRABOUTPUT/WPMJJWPMJJjj_EWK_LO_4f_mmjj150_mWW500_madgraph_pythia8/RunIII2024Summer24NanoGeN_v1p0/250118_190353/0000/NanoGen_273.root
root://hip-cms-se.csc.fi//store/user/nbinnorj/VBSSignalProdv3p0_NanoGen_v1p0/CRABOUTPUT/WPMJJWPMJJjj_EWK_LO_4f_mmjj150_mWW500_madgraph_pythia8/RunIII2024Summer24NanoGeN_v1p0/250118_190353/0000/NanoGen_57.root
root://hip-cms-se.csc.fi//store/user/nbinnorj/VBSSignalProdv3p0_NanoGen_v1p0/CRABOUTPUT/WPMJJWPMJJjj_EWK_LO_4f_mmjj150_mWW500_madgraph_pythia8/RunIII2024Summer24NanoGeN_v1p0/250118_190353/0000/NanoGen_248.root
root://hip-cms-se.csc.fi//store/user/nbinnorj/VBSSignalProdv3p0_NanoGen_v1p0/CRABOUTPUT/WPMJJWPMJJjj_EWK_LO_4f_mmjj150_mWW500_madgraph_pythia8/RunIII2024Summer24NanoGeN_v1p0/250118_190353/0000/NanoGen_255.root
root://hip-cms-se.csc.fi//store/user/nbinnorj/VBSSignalProdv3p0_NanoGen_v1p0/CRABOUTPUT/WPMJJWPMJJjj_EWK_LO_4f_mmjj150_mWW500_madgraph_pythia8/RunIII2024Summer24NanoGeN_v1p0/250118_190353/0000/NanoGen_119.root
root://hip-cms-se.csc.fi//store/user/nbinnorj/VBSSignalProdv3p0_NanoGen_v1p0/CRABOUTPUT/WPMJJWPMJJjj_EWK_LO_4f_mmjj150_mWW500_madgraph_pythia8/RunIII2024Summer24NanoGeN_v1p0/250118_190353/0000/NanoGen_160.root
root://hip-cms-se.csc.fi//store/user/nbinnorj/VBSSignalProdv3p0_NanoGen_v1p0/CRABOUTPUT/WPMJJWPMJJjj_EWK_LO_4f_mmjj150_mWW500_madgraph_pythia8/RunIII2024Summer24NanoGeN_v1p0/250118_190353/0000/NanoGen_105.root
root://hip-cms-se.csc.fi//store/user/nbinnorj/VBSSignalProdv3p0_NanoGen_v1p0/CRABOUTPUT/WPMJJWPMJJjj_EWK_LO_4f_mmjj150_mWW500_madgraph_pythia8/RunIII2024Summer24NanoGeN_v1p0/250118_190353/0000/NanoGen_235.root
root://hip-cms-se.csc.fi//store/user/nbinnorj/VBSSignalProdv3p0_NanoGen_v1p0/CRABOUTPUT/WPMJJWPMJJjj_EWK_LO_4f_mmjj150_mWW500_madgraph_pythia8/RunIII2024Summer24NanoGeN_v1p0/250118_190353/0000/NanoGen_261.root
root://hip-cms-se.csc.fi//store/user/nbinnorj/VBSSignalProdv3p0_NanoGen_v1p0/CRABOUTPUT/WPMJJWPMJJjj_EWK_LO_4f_mmjj150_mWW500_madgraph_pythia8/RunIII2024Summer24NanoGeN_v1p0/250118_190353/0000/NanoGen_88.root
root://hip-cms-se.csc.fi//store/user/nbinnorj/VBSSignalProdv3p0_NanoGen_v1p0/CRABOUTPUT/WPMJJWPMJJjj_EWK_LO_4f_mmjj150_mWW500_madgraph_pythia8/RunIII2024Summer24NanoGeN_v1p0/250118_190353/0000/NanoGen_197.root
root://hip-cms-se.csc.fi//store/user/nbinnorj/VBSSignalProdv3p0_NanoGen_v1p0/CRABOUTPUT/WPMJJWPMJJjj_EWK_LO_4f_mmjj150_mWW500_madgraph_pythia8/RunIII2024Summer24NanoGeN_v1p0/250118_190353/0000/NanoGen_268.root
root://hip-cms-se.csc.fi//store/user/nbinnorj/VBSSignalProdv3p0_NanoGen_v1p0/CRABOUTPUT/WPMJJWPMJJjj_EWK_LO_4f_mmjj150_mWW500_madgraph_pythia8/RunIII2024Summer24NanoGeN_v1p0/250118_190353/0000/NanoGen_92.root
root://hip-cms-se.csc.fi//store/user/nbinnorj/VBSSignalProdv3p0_NanoGen_v1p0/CRABOUTPUT/WPMJJWPMJJjj_EWK_LO_4f_mmjj150_mWW500_madgraph_pythia8/RunIII2024Summer24NanoGeN_v1p0/250118_190353/0000/NanoGen_123.root
root://hip-cms-se.csc.fi//store/user/nbinnorj/VBSSignalProdv3p0_NanoGen_v1p0/CRABOUTPUT/WPMJJWPMJJjj_EWK_LO_4f_mmjj150_mWW500_madgraph_pythia8/RunIII2024Summer24NanoGeN_v1p0/250118_190353/0000/NanoGen_159.root
root://hip-cms-se.csc.fi//store/user/nbinnorj/VBSSignalProdv3p0_NanoGen_v1p0/CRABOUTPUT/WPMJJWPMJJjj_EWK_LO_4f_mmjj150_mWW500_madgraph_pythia8/RunIII2024Summer24NanoGeN_v1p0/250118_190353/0000/NanoGen_300.root
root://hip-cms-se.csc.fi//store/user/nbinnorj/VBSSignalProdv3p0_NanoGen_v1p0/CRABOUTPUT/WPMJJWPMJJjj_EWK_LO_4f_mmjj150_mWW500_madgraph_pythia8/RunIII2024Summer24NanoGeN_v1p0/250118_190353/0000/NanoGen_148.root
root://hip-cms-se.csc.fi//store/user/nbinnorj/VBSSignalProdv3p0_NanoGen_v1p0/CRABOUTPUT/WPMJJWPMJJjj_EWK_LO_4f_mmjj150_mWW500_madgraph_pythia8/RunIII2024Summer24NanoGeN_v1p0/250118_190353/0000/NanoGen_3.root
root://hip-cms-se.csc.fi//store/user/nbinnorj/VBSSignalProdv3p0_NanoGen_v1p0/CRABOUTPUT/WPMJJWPMJJjj_EWK_LO_4f_mmjj150_mWW500_madgraph_pythia8/RunIII2024Summer24NanoGeN_v1p0/250118_190353/0000/NanoGen_133.root
root://hip-cms-se.csc.fi//store/user/nbinnorj/VBSSignalProdv3p0_NanoGen_v1p0/CRABOUTPUT/WPMJJWPMJJjj_EWK_LO_4f_mmjj150_mWW500_madgraph_pythia8/RunIII2024Summer24NanoGeN_v1p0/250118_190353/0000/NanoGen_113.root
root://hip-cms-se.csc.fi//store/user/nbinnorj/VBSSignalProdv3p0_NanoGen_v1p0/CRABOUTPUT/WPMJJWPMJJjj_EWK_LO_4f_mmjj150_mWW500_madgraph_pythia8/RunIII2024Summer24NanoGeN_v1p0/250118_190353/0000/NanoGen_285.root
root://hip-cms-se.csc.fi//store/user/nbinnorj/VBSSignalProdv3p0_NanoGen_v1p0/CRABOUTPUT/WPMJJWPMJJjj_EWK_LO_4f_mmjj150_mWW500_madgraph_pythia8/RunIII2024Summer24NanoGeN_v1p0/250118_190353/0000/NanoGen_138.root
root://hip-cms-se.csc.fi//store/user/nbinnorj/VBSSignalProdv3p0_NanoGen_v1p0/CRABOUTPUT/WPMJJWPMJJjj_EWK_LO_4f_mmjj150_mWW500_madgraph_pythia8/RunIII2024Summer24NanoGeN_v1p0/250118_190353/0000/NanoGen_167.root
root://hip-cms-se.csc.fi//store/user/nbinnorj/VBSSignalProdv3p0_NanoGen_v1p0/CRABOUTPUT/WPMJJWPMJJjj_EWK_LO_4f_mmjj150_mWW500_madgraph_pythia8/RunIII2024Summer24NanoGeN_v1p0/250118_190353/0000/NanoGen_76.root
root://hip-cms-se.csc.fi//store/user/nbinnorj/VBSSignalProdv3p0_NanoGen_v1p0/CRABOUTPUT/WPMJJWPMJJjj_EWK_LO_4f_mmjj150_mWW500_madgraph_pythia8/RunIII2024Summer24NanoGeN_v1p0/250118_190353/0000/NanoGen_294.root
root://hip-cms-se.csc.fi//store/user/nbinnorj/VBSSignalProdv3p0_NanoGen_v1p0/CRABOUTPUT/WPMJJWPMJJjj_EWK_LO_4f_mmjj150_mWW500_madgraph_pythia8/RunIII2024Summer24NanoGeN_v1p0/250118_190353/0000/NanoGen_289.root
root://hip-cms-se.csc.fi//store/user/nbinnorj/VBSSignalProdv3p0_NanoGen_v1p0/CRABOUTPUT/WPMJJWPMJJjj_EWK_LO_4f_mmjj150_mWW500_madgraph_pythia8/RunIII2024Summer24NanoGeN_v1p0/250118_190353/0000/NanoGen_130.root
root://hip-cms-se.csc.fi//store/user/nbinnorj/VBSSignalProdv3p0_NanoGen_v1p0/CRABOUTPUT/WPMJJWPMJJjj_EWK_LO_4f_mmjj150_mWW500_madgraph_pythia8/RunIII2024Summer24NanoGeN_v1p0/250118_190353/0000/NanoGen_243.root
root://hip-cms-se.csc.fi//store/user/nbinnorj/VBSSignalProdv3p0_NanoGen_v1p0/CRABOUTPUT/WPMJJWPMJJjj_EWK_LO_4f_mmjj150_mWW500_madgraph_pythia8/RunIII2024Summer24NanoGeN_v1p0/250118_190353/0000/NanoGen_170.root
root://hip-cms-se.csc.fi//store/user/nbinnorj/VBSSignalProdv3p0_NanoGen_v1p0/CRABOUTPUT/WPMJJWPMJJjj_EWK_LO_4f_mmjj150_mWW500_madgraph_pythia8/RunIII2024Summer24NanoGeN_v1p0/250118_190353/0000/NanoGen_74.root
root://hip-cms-se.csc.fi//store/user/nbinnorj/VBSSignalProdv3p0_NanoGen_v1p0/CRABOUTPUT/WPMJJWPMJJjj_EWK_LO_4f_mmjj150_mWW500_madgraph_pythia8/RunIII2024Summer24NanoGeN_v1p0/250118_190353/0000/NanoGen_288.root
root://hip-cms-se.csc.fi//store/user/nbinnorj/VBSSignalProdv3p0_NanoGen_v1p0/CRABOUTPUT/WPMJJWPMJJjj_EWK_LO_4f_mmjj150_mWW500_madgraph_pythia8/RunIII2024Summer24NanoGeN_v1p0/250118_190353/0000/NanoGen_295.root
root://hip-cms-se.csc.fi//store/user/nbinnorj/VBSSignalProdv3p0_NanoGen_v1p0/CRABOUTPUT/WPMJJWPMJJjj_EWK_LO_4f_mmjj150_mWW500_madgraph_pythia8/RunIII2024Summer24NanoGeN_v1p0/250118_190353/0000/NanoGen_115.root
root://hip-cms-se.csc.fi//store/user/nbinnorj/VBSSignalProdv3p0_NanoGen_v1p0/CRABOUTPUT/WPMJJWPMJJjj_EWK_LO_4f_mmjj150_mWW500_madgraph_pythia8/RunIII2024Summer24NanoGeN_v1p0/250118_190353/0000/NanoGen_271.root
root://hip-cms-se.csc.fi//store/user/nbinnorj/VBSSignalProdv3p0_NanoGen_v1p0/CRABOUTPUT/WPMJJWPMJJjj_EWK_LO_4f_mmjj150_mWW500_madgraph_pythia8/RunIII2024Summer24NanoGeN_v1p0/250118_190353/0000/NanoGen_42.root
root://hip-cms-se.csc.fi//store/user/nbinnorj/VBSSignalProdv3p0_NanoGen_v1p0/CRABOUTPUT/WPMJJWPMJJjj_EWK_LO_4f_mmjj150_mWW500_madgraph_pythia8/RunIII2024Summer24NanoGeN_v1p0/250118_190353/0000/NanoGen_263.root
root://hip-cms-se.csc.fi//store/user/nbinnorj/VBSSignalProdv3p0_NanoGen_v1p0/CRABOUTPUT/WPMJJWPMJJjj_EWK_LO_4f_mmjj150_mWW500_madgraph_pythia8/RunIII2024Summer24NanoGeN_v1p0/250118_190353/0000/NanoGen_114.root
root://hip-cms-se.csc.fi//store/user/nbinnorj/VBSSignalProdv3p0_NanoGen_v1p0/CRABOUTPUT/WPMJJWPMJJjj_EWK_LO_4f_mmjj150_mWW500_madgraph_pythia8/RunIII2024Summer24NanoGeN_v1p0/250118_190353/0000/NanoGen_291.root
root://hip-cms-se.csc.fi//store/user/nbinnorj/VBSSignalProdv3p0_NanoGen_v1p0/CRABOUTPUT/WPMJJWPMJJjj_EWK_LO_4f_mmjj150_mWW500_madgraph_pythia8/RunIII2024Summer24NanoGeN_v1p0/250118_190353/0000/NanoGen_298.root
root://hip-cms-se.csc.fi//store/user/nbinnorj/VBSSignalProdv3p0_NanoGen_v1p0/CRABOUTPUT/WPMJJWPMJJjj_EWK_LO_4f_mmjj150_mWW500_madgraph_pythia8/RunIII2024Summer24NanoGeN_v1p0/250118_190353/0000/NanoGen_233.root
root://hip-cms-se.csc.fi//store/user/nbinnorj/VBSSignalProdv3p0_NanoGen_v1p0/CRABOUTPUT/WPMJJWPMJJjj_EWK_LO_4f_mmjj150_mWW500_madgraph_pythia8/RunIII2024Summer24NanoGeN_v1p0/250118_190353/0000/NanoGen_242.root
root://hip-cms-se.csc.fi//store/user/nbinnorj/VBSSignalProdv3p0_NanoGen_v1p0/CRABOUTPUT/WPMJJWPMJJjj_EWK_LO_4f_mmjj150_mWW500_madgraph_pythia8/RunIII2024Summer24NanoGeN_v1p0/250118_190353/0000/NanoGen_83.root
root://hip-cms-se.csc.fi//store/user/nbinnorj/VBSSignalProdv3p0_NanoGen_v1p0/CRABOUTPUT/WPMJJWPMJJjj_EWK_LO_4f_mmjj150_mWW500_madgraph_pythia8/RunIII2024Summer24NanoGeN_v1p0/250118_190353/0000/NanoGen_230.root
root://hip-cms-se.csc.fi//store/user/nbinnorj/VBSSignalProdv3p0_NanoGen_v1p0/CRABOUTPUT/WPMJJWPMJJjj_EWK_LO_4f_mmjj150_mWW500_madgraph_pythia8/RunIII2024Summer24NanoGeN_v1p0/250118_190353/0000/NanoGen_97.root
root://hip-cms-se.csc.fi//store/user/nbinnorj/VBSSignalProdv3p0_NanoGen_v1p0/CRABOUTPUT/WPMJJWPMJJjj_EWK_LO_4f_mmjj150_mWW500_madgraph_pythia8/RunIII2024Summer24NanoGeN_v1p0/250118_190353/0000/NanoGen_299.root
root://hip-cms-se.csc.fi//store/user/nbinnorj/VBSSignalProdv3p0_NanoGen_v1p0/CRABOUTPUT/WPMJJWPMJJjj_EWK_LO_4f_mmjj150_mWW500_madgraph_pythia8/RunIII2024Summer24NanoGeN_v1p0/250118_190353/0000/NanoGen_137.root
root://hip-cms-se.csc.fi//store/user/nbinnorj/VBSSignalProdv3p0_NanoGen_v1p0/CRABOUTPUT/WPMJJWPMJJjj_EWK_LO_4f_mmjj150_mWW500_madgraph_pythia8/RunIII2024Summer24NanoGeN_v1p0/250118_190353/0000/NanoGen_276.root
root://hip-cms-se.csc.fi//store/user/nbinnorj/VBSSignalProdv3p0_NanoGen_v1p0/CRABOUTPUT/WPMJJWPMJJjj_EWK_LO_4f_mmjj150_mWW500_madgraph_pythia8/RunIII2024Summer24NanoGeN_v1p0/250118_190353/0000/NanoGen_85.root
root://hip-cms-se.csc.fi//store/user/nbinnorj/VBSSignalProdv3p0_NanoGen_v1p0/CRABOUTPUT/WPMJJWPMJJjj_EWK_LO_4f_mmjj150_mWW500_madgraph_pythia8/RunIII2024Summer24NanoGeN_v1p0/250118_190353/0000/NanoGen_277.root
root://hip-cms-se.csc.fi//store/user/nbinnorj/VBSSignalProdv3p0_NanoGen_v1p0/CRABOUTPUT/WPMJJWPMJJjj_EWK_LO_4f_mmjj150_mWW500_madgraph_pythia8/RunIII2024Summer24NanoGeN_v1p0/250118_190353/0000/NanoGen_275.root
root://hip-cms-se.csc.fi//store/user/nbinnorj/VBSSignalProdv3p0_NanoGen_v1p0/CRABOUTPUT/WPMJJWPMJJjj_EWK_LO_4f_mmjj150_mWW500_madgraph_pythia8/RunIII2024Summer24NanoGeN_v1p0/250118_190353/0000/NanoGen_296.root
root://hip-cms-se.csc.fi//store/user/nbinnorj/VBSSignalProdv3p0_NanoGen_v1p0/CRABOUTPUT/WPMJJWPMJJjj_EWK_LO_4f_mmjj150_mWW500_madgraph_pythia8/RunIII2024Summer24NanoGeN_v1p0/250118_190353/0000/NanoGen_223.root
root://hip-cms-se.csc.fi//store/user/nbinnorj/VBSSignalProdv3p0_NanoGen_v1p0/CRABOUTPUT/WPMJJWPMJJjj_EWK_LO_4f_mmjj150_mWW500_madgraph_pythia8/RunIII2024Summer24NanoGeN_v1p0/250118_190353/0000/NanoGen_227.root
root://hip-cms-se.csc.fi//store/user/nbinnorj/VBSSignalProdv3p0_NanoGen_v1p0/CRABOUTPUT/WPMJJWPMJJjj_EWK_LO_4f_mmjj150_mWW500_madgraph_pythia8/RunIII2024Summer24NanoGeN_v1p0/250118_190353/0000/NanoGen_287.root
root://hip-cms-se.csc.fi//store/user/nbinnorj/VBSSignalProdv3p0_NanoGen_v1p0/CRABOUTPUT/WPMJJWPMJJjj_EWK_LO_4f_mmjj150_mWW500_madgraph_pythia8/RunIII2024Summer24NanoGeN_v1p0/250118_190353/0000/NanoGen_141.root
root://hip-cms-se.csc.fi//store/user/nbinnorj/VBSSignalProdv3p0_NanoGen_v1p0/CRABOUTPUT/WPMJJWPMJJjj_EWK_LO_4f_mmjj150_mWW500_madgraph_pythia8/RunIII2024Summer24NanoGeN_v1p0/250118_190353/0000/NanoGen_122.root
root://hip-cms-se.csc.fi//store/user/nbinnorj/VBSSignalProdv3p0_NanoGen_v1p0/CRABOUTPUT/WPMJJWPMJJjj_EWK_LO_4f_mmjj150_mWW500_madgraph_pythia8/RunIII2024Summer24NanoGeN_v1p0/250118_190353/0000/NanoGen_117.root
root://hip-cms-se.csc.fi//store/user/nbinnorj/VBSSignalProdv3p0_NanoGen_v1p0/CRABOUTPUT/WPMJJWPMJJjj_EWK_LO_4f_mmjj150_mWW500_madgraph_pythia8/RunIII2024Summer24NanoGeN_v1p0/250118_190353/0000/NanoGen_70.root
root://hip-cms-se.csc.fi//store/user/nbinnorj/VBSSignalProdv3p0_NanoGen_v1p0/CRABOUTPUT/WPMJJWPMJJjj_EWK_LO_4f_mmjj150_mWW500_madgraph_pythia8/RunIII2024Summer24NanoGeN_v1p0/250118_190353/0000/NanoGen_72.root
root://hip-cms-se.csc.fi//store/user/nbinnorj/VBSSignalProdv3p0_NanoGen_v1p0/CRABOUTPUT/WPMJJWPMJJjj_EWK_LO_4f_mmjj150_mWW500_madgraph_pythia8/RunIII2024Summer24NanoGeN_v1p0/250118_190353/0000/NanoGen_274.root
root://hip-cms-se.csc.fi//store/user/nbinnorj/VBSSignalProdv3p0_NanoGen_v1p0/CRABOUTPUT/WPMJJWPMJJjj_EWK_LO_4f_mmjj150_mWW500_madgraph_pythia8/RunIII2024Summer24NanoGeN_v1p0/250118_190353/0000/NanoGen_104.root
root://hip-cms-se.csc.fi//store/user/nbinnorj/VBSSignalProdv3p0_NanoGen_v1p0/CRABOUTPUT/WPMJJWPMJJjj_EWK_LO_4f_mmjj150_mWW500_madgraph_pythia8/RunIII2024Summer24NanoGeN_v1p0/250118_190353/0000/NanoGen_264.root
root://hip-cms-se.csc.fi//store/user/nbinnorj/VBSSignalProdv3p0_NanoGen_v1p0/CRABOUTPUT/WPMJJWPMJJjj_EWK_LO_4f_mmjj150_mWW500_madgraph_pythia8/RunIII2024Summer24NanoGeN_v1p0/250118_190353/0000/NanoGen_278.root
root://hip-cms-se.csc.fi//store/user/nbinnorj/VBSSignalProdv3p0_NanoGen_v1p0/CRABOUTPUT/WPMJJWPMJJjj_EWK_LO_4f_mmjj150_mWW500_madgraph_pythia8/RunIII2024Summer24NanoGeN_v1p0/250118_190353/0000/NanoGen_284.root
root://hip-cms-se.csc.fi//store/user/nbinnorj/VBSSignalProdv3p0_NanoGen_v1p0/CRABOUTPUT/WPMJJWPMJJjj_EWK_LO_4f_mmjj150_mWW500_madgraph_pythia8/RunIII2024Summer24NanoGeN_v1p0/250118_190353/0000/NanoGen_54.root
root://hip-cms-se.csc.fi//store/user/nbinnorj/VBSSignalProdv3p0_NanoGen_v1p0/CRABOUTPUT/WPMJJWPMJJjj_EWK_LO_4f_mmjj150_mWW500_madgraph_pythia8/RunIII2024Summer24NanoGeN_v1p0/250118_190353/0000/NanoGen_211.root
root://hip-cms-se.csc.fi//store/user/nbinnorj/VBSSignalProdv3p0_NanoGen_v1p0/CRABOUTPUT/WPMJJWPMJJjj_EWK_LO_4f_mmjj150_mWW500_madgraph_pythia8/RunIII2024Summer24NanoGeN_v1p0/250118_190353/0000/NanoGen_134.root
root://hip-cms-se.csc.fi//store/user/nbinnorj/VBSSignalProdv3p0_NanoGen_v1p0/CRABOUTPUT/WPMJJWPMJJjj_EWK_LO_4f_mmjj150_mWW500_madgraph_pythia8/RunIII2024Summer24NanoGeN_v1p0/250118_190353/0000/NanoGen_109.root
root://hip-cms-se.csc.fi//store/user/nbinnorj/VBSSignalProdv3p0_NanoGen_v1p0/CRABOUTPUT/WPMJJWPMJJjj_EWK_LO_4f_mmjj150_mWW500_madgraph_pythia8/RunIII2024Summer24NanoGeN_v1p0/250118_190353/0000/NanoGen_279.root
root://hip-cms-se.csc.fi//store/user/nbinnorj/VBSSignalProdv3p0_NanoGen_v1p0/CRABOUTPUT/WPMJJWPMJJjj_EWK_LO_4f_mmjj150_mWW500_madgraph_pythia8/RunIII2024Summer24NanoGeN_v1p0/250118_190353/0000/NanoGen_297.root
root://hip-cms-se.csc.fi//store/user/nbinnorj/VBSSignalProdv3p0_NanoGen_v1p0/CRABOUTPUT/WPMJJWPMJJjj_EWK_LO_4f_mmjj150_mWW500_madgraph_pythia8/RunIII2024Summer24NanoGeN_v1p0/250118_190353/0000/NanoGen_266.root
root://hip-cms-se.csc.fi//store/user/nbinnorj/VBSSignalProdv3p0_NanoGen_v1p0/CRABOUTPUT/WPMJJWPMJJjj_EWK_LO_4f_mmjj150_mWW500_madgraph_pythia8/RunIII2024Summer24NanoGeN_v1p0/250118_190353/0000/NanoGen_290.root
root://hip-cms-se.csc.fi//store/user/nbinnorj/VBSSignalProdv3p0_NanoGen_v1p0/CRABOUTPUT/WPMJJWPMJJjj_EWK_LO_4f_mmjj150_mWW500_madgraph_pythia8/RunIII2024Summer24NanoGeN_v1p0/250118_190353/0000/NanoGen_43.root
root://hip-cms-se.csc.fi//store/user/nbinnorj/VBSSignalProdv3p0_NanoGen_v1p0/CRABOUTPUT/WPMJJWPMJJjj_EWK_LO_4f_mmjj150_mWW500_madgraph_pythia8/RunIII2024Summer24NanoGeN_v1p0/250118_190353/0000/NanoGen_110.root
root://hip-cms-se.csc.fi//store/user/nbinnorj/VBSSignalProdv3p0_NanoGen_v1p0/CRABOUTPUT/WPMJJWPMJJjj_EWK_LO_4f_mmjj150_mWW500_madgraph_pythia8/RunIII2024Summer24NanoGeN_v1p0/250118_190353/0000/NanoGen_40.root
root://hip-cms-se.csc.fi//store/user/nbinnorj/VBSSignalProdv3p0_NanoGen_v1p0/CRABOUTPUT/WPMJJWPMJJjj_EWK_LO_4f_mmjj150_mWW500_madgraph_pythia8/RunIII2024Summer24NanoGeN_v1p0/250118_190353/0000/NanoGen_102.root
root://hip-cms-se.csc.fi//store/user/nbinnorj/VBSSignalProdv3p0_NanoGen_v1p0/CRABOUTPUT/WPMJJWPMJJjj_EWK_LO_4f_mmjj150_mWW500_madgraph_pythia8/RunIII2024Summer24NanoGeN_v1p0/250118_190353/0000/NanoGen_177.root
root://hip-cms-se.csc.fi//store/user/nbinnorj/VBSSignalProdv3p0_NanoGen_v1p0/CRABOUTPUT/WPMJJWPMJJjj_EWK_LO_4f_mmjj150_mWW500_madgraph_pythia8/RunIII2024Summer24NanoGeN_v1p0/250118_190353/0000/NanoGen_120.root
root://hip-cms-se.csc.fi//store/user/nbinnorj/VBSSignalProdv3p0_NanoGen_v1p0/CRABOUTPUT/WPMJJWPMJJjj_EWK_LO_4f_mmjj150_mWW500_madgraph_pythia8/RunIII2024Summer24NanoGeN_v1p0/250118_190353/0000/NanoGen_140.root
root://hip-cms-se.csc.fi//store/user/nbinnorj/VBSSignalProdv3p0_NanoGen_v1p0/CRABOUTPUT/WPMJJWPMJJjj_EWK_LO_4f_mmjj150_mWW500_madgraph_pythia8/RunIII2024Summer24NanoGeN_v1p0/250118_190353/0000/NanoGen_249.root
root://hip-cms-se.csc.fi//store/user/nbinnorj/VBSSignalProdv3p0_NanoGen_v1p0/CRABOUTPUT/WPMJJWPMJJjj_EWK_LO_4f_mmjj150_mWW500_madgraph_pythia8/RunIII2024Summer24NanoGeN_v1p0/250118_190353/0000/NanoGen_178.root
root://hip-cms-se.csc.fi//store/user/nbinnorj/VBSSignalProdv3p0_NanoGen_v1p0/CRABOUTPUT/WPMJJWPMJJjj_EWK_LO_4f_mmjj150_mWW500_madgraph_pythia8/RunIII2024Summer24NanoGeN_v1p0/250118_190353/0000/NanoGen_144.root
root://hip-cms-se.csc.fi//store/user/nbinnorj/VBSSignalProdv3p0_NanoGen_v1p0/CRABOUTPUT/WPMJJWPMJJjj_EWK_LO_4f_mmjj150_mWW500_madgraph_pythia8/RunIII2024Summer24NanoGeN_v1p0/250118_190353/0000/NanoGen_187.root
root://hip-cms-se.csc.fi//store/user/nbinnorj/VBSSignalProdv3p0_NanoGen_v1p0/CRABOUTPUT/WPMJJWPMJJjj_EWK_LO_4f_mmjj150_mWW500_madgraph_pythia8/RunIII2024Summer24NanoGeN_v1p0/250118_190353/0000/NanoGen_73.root
root://hip-cms-se.csc.fi//store/user/nbinnorj/VBSSignalProdv3p0_NanoGen_v1p0/CRABOUTPUT/WPMJJWPMJJjj_EWK_LO_4f_mmjj150_mWW500_madgraph_pythia8/RunIII2024Summer24NanoGeN_v1p0/250118_190353/0000/NanoGen_191.root
root://hip-cms-se.csc.fi//store/user/nbinnorj/VBSSignalProdv3p0_NanoGen_v1p0/CRABOUTPUT/WPMJJWPMJJjj_EWK_LO_4f_mmjj150_mWW500_madgraph_pythia8/RunIII2024Summer24NanoGeN_v1p0/250118_190353/0000/NanoGen_60.root
root://hip-cms-se.csc.fi//store/user/nbinnorj/VBSSignalProdv3p0_NanoGen_v1p0/CRABOUTPUT/WPMJJWPMJJjj_EWK_LO_4f_mmjj150_mWW500_madgraph_pythia8/RunIII2024Summer24NanoGeN_v1p0/250118_190353/0000/NanoGen_12.root
root://hip-cms-se.csc.fi//store/user/nbinnorj/VBSSignalProdv3p0_NanoGen_v1p0/CRABOUTPUT/WPMJJWPMJJjj_EWK_LO_4f_mmjj150_mWW500_madgraph_pythia8/RunIII2024Summer24NanoGeN_v1p0/250118_190353/0000/NanoGen_52.root
root://hip-cms-se.csc.fi//store/user/nbinnorj/VBSSignalProdv3p0_NanoGen_v1p0/CRABOUTPUT/WPMJJWPMJJjj_EWK_LO_4f_mmjj150_mWW500_madgraph_pythia8/RunIII2024Summer24NanoGeN_v1p0/250118_190353/0000/NanoGen_199.root
root://hip-cms-se.csc.fi//store/user/nbinnorj/VBSSignalProdv3p0_NanoGen_v1p0/CRABOUTPUT/WPMJJWPMJJjj_EWK_LO_4f_mmjj150_mWW500_madgraph_pythia8/RunIII2024Summer24NanoGeN_v1p0/250118_190353/0000/NanoGen_80.root
root://hip-cms-se.csc.fi//store/user/nbinnorj/VBSSignalProdv3p0_NanoGen_v1p0/CRABOUTPUT/WPMJJWPMJJjj_EWK_LO_4f_mmjj150_mWW500_madgraph_pythia8/RunIII2024Summer24NanoGeN_v1p0/250118_190353/0000/NanoGen_67.root
root://hip-cms-se.csc.fi//store/user/nbinnorj/VBSSignalProdv3p0_NanoGen_v1p0/CRABOUTPUT/WPMJJWPMJJjj_EWK_LO_4f_mmjj150_mWW500_madgraph_pythia8/RunIII2024Summer24NanoGeN_v1p0/250118_190353/0000/NanoGen_175.root
root://hip-cms-se.csc.fi//store/user/nbinnorj/VBSSignalProdv3p0_NanoGen_v1p0/CRABOUTPUT/WPMJJWPMJJjj_EWK_LO_4f_mmjj150_mWW500_madgraph_pythia8/RunIII2024Summer24NanoGeN_v1p0/250118_190353/0000/NanoGen_163.root
root://hip-cms-se.csc.fi//store/user/nbinnorj/VBSSignalProdv3p0_NanoGen_v1p0/CRABOUTPUT/WPMJJWPMJJjj_EWK_LO_4f_mmjj150_mWW500_madgraph_pythia8/RunIII2024Summer24NanoGeN_v1p0/250118_190353/0000/NanoGen_84.root
root://hip-cms-se.csc.fi//store/user/nbinnorj/VBSSignalProdv3p0_NanoGen_v1p0/CRABOUTPUT/WPMJJWPMJJjj_EWK_LO_4f_mmjj150_mWW500_madgraph_pythia8/RunIII2024Summer24NanoGeN_v1p0/250118_190353/0000/NanoGen_234.root
root://hip-cms-se.csc.fi//store/user/nbinnorj/VBSSignalProdv3p0_NanoGen_v1p0/CRABOUTPUT/WPMJJWPMJJjj_EWK_LO_4f_mmjj150_mWW500_madgraph_pythia8/RunIII2024Summer24NanoGeN_v1p0/250118_190353/0000/NanoGen_231.root
root://hip-cms-se.csc.fi//store/user/nbinnorj/VBSSignalProdv3p0_NanoGen_v1p0/CRABOUTPUT/WPMJJWPMJJjj_EWK_LO_4f_mmjj150_mWW500_madgraph_pythia8/RunIII2024Summer24NanoGeN_v1p0/250118_190353/0000/NanoGen_35.root
root://hip-cms-se.csc.fi//store/user/nbinnorj/VBSSignalProdv3p0_NanoGen_v1p0/CRABOUTPUT/WPMJJWPMJJjj_EWK_LO_4f_mmjj150_mWW500_madgraph_pythia8/RunIII2024Summer24NanoGeN_v1p0/250118_190353/0000/NanoGen_213.root
root://hip-cms-se.csc.fi//store/user/nbinnorj/VBSSignalProdv3p0_NanoGen_v1p0/CRABOUTPUT/WPMJJWPMJJjj_EWK_LO_4f_mmjj150_mWW500_madgraph_pythia8/RunIII2024Summer24NanoGeN_v1p0/250118_190353/0000/NanoGen_127.root
root://hip-cms-se.csc.fi//store/user/nbinnorj/VBSSignalProdv3p0_NanoGen_v1p0/CRABOUTPUT/WPMJJWPMJJjj_EWK_LO_4f_mmjj150_mWW500_madgraph_pythia8/RunIII2024Summer24NanoGeN_v1p0/250118_190353/0000/NanoGen_87.root
root://hip-cms-se.csc.fi//store/user/nbinnorj/VBSSignalProdv3p0_NanoGen_v1p0/CRABOUTPUT/WPMJJWPMJJjj_EWK_LO_4f_mmjj150_mWW500_madgraph_pythia8/RunIII2024Summer24NanoGeN_v1p0/250118_190353/0000/NanoGen_247.root
root://hip-cms-se.csc.fi//store/user/nbinnorj/VBSSignalProdv3p0_NanoGen_v1p0/CRABOUTPUT/WPMJJWPMJJjj_EWK_LO_4f_mmjj150_mWW500_madgraph_pythia8/RunIII2024Summer24NanoGeN_v1p0/250118_190353/0000/NanoGen_165.root
root://hip-cms-se.csc.fi//store/user/nbinnorj/VBSSignalProdv3p0_NanoGen_v1p0/CRABOUTPUT/WPMJJWPMJJjj_EWK_LO_4f_mmjj150_mWW500_madgraph_pythia8/RunIII2024Summer24NanoGeN_v1p0/250118_190353/0000/NanoGen_269.root
root://hip-cms-se.csc.fi//store/user/nbinnorj/VBSSignalProdv3p0_NanoGen_v1p0/CRABOUTPUT/WPMJJWPMJJjj_EWK_LO_4f_mmjj150_mWW500_madgraph_pythia8/RunIII2024Summer24NanoGeN_v1p0/250118_190353/0000/NanoGen_103.root
root://hip-cms-se.csc.fi//store/user/nbinnorj/VBSSignalProdv3p0_NanoGen_v1p0/CRABOUTPUT/WPMJJWPMJJjj_EWK_LO_4f_mmjj150_mWW500_madgraph_pythia8/RunIII2024Summer24NanoGeN_v1p0/250118_190353/0000/NanoGen_157.root
root://hip-cms-se.csc.fi//store/user/nbinnorj/VBSSignalProdv3p0_NanoGen_v1p0/CRABOUTPUT/WPMJJWPMJJjj_EWK_LO_4f_mmjj150_mWW500_madgraph_pythia8/RunIII2024Summer24NanoGeN_v1p0/250118_190353/0000/NanoGen_150.root
root://hip-cms-se.csc.fi//store/user/nbinnorj/VBSSignalProdv3p0_NanoGen_v1p0/CRABOUTPUT/WPMJJWPMJJjj_EWK_LO_4f_mmjj150_mWW500_madgraph_pythia8/RunIII2024Summer24NanoGeN_v1p0/250118_190353/0000/NanoGen_155.root
root://hip-cms-se.csc.fi//store/user/nbinnorj/VBSSignalProdv3p0_NanoGen_v1p0/CRABOUTPUT/WPMJJWPMJJjj_EWK_LO_4f_mmjj150_mWW500_madgraph_pythia8/RunIII2024Summer24NanoGeN_v1p0/250118_190353/0000/NanoGen_11.root
root://hip-cms-se.csc.fi//store/user/nbinnorj/VBSSignalProdv3p0_NanoGen_v1p0/CRABOUTPUT/WPMJJWPMJJjj_EWK_LO_4f_mmjj150_mWW500_madgraph_pythia8/RunIII2024Summer24NanoGeN_v1p0/250118_190353/0000/NanoGen_188.root
root://hip-cms-se.csc.fi//store/user/nbinnorj/VBSSignalProdv3p0_NanoGen_v1p0/CRABOUTPUT/WPMJJWPMJJjj_EWK_LO_4f_mmjj150_mWW500_madgraph_pythia8/RunIII2024Summer24NanoGeN_v1p0/250118_190353/0000/NanoGen_132.root
root://hip-cms-se.csc.fi//store/user/nbinnorj/VBSSignalProdv3p0_NanoGen_v1p0/CRABOUTPUT/WPMJJWPMJJjj_EWK_LO_4f_mmjj150_mWW500_madgraph_pythia8/RunIII2024Summer24NanoGeN_v1p0/250118_190353/0000/NanoGen_161.root
root://hip-cms-se.csc.fi//store/user/nbinnorj/VBSSignalProdv3p0_NanoGen_v1p0/CRABOUTPUT/WPMJJWPMJJjj_EWK_LO_4f_mmjj150_mWW500_madgraph_pythia8/RunIII2024Summer24NanoGeN_v1p0/250118_190353/0000/NanoGen_139.root
root://hip-cms-se.csc.fi//store/user/nbinnorj/VBSSignalProdv3p0_NanoGen_v1p0/CRABOUTPUT/WPMJJWPMJJjj_EWK_LO_4f_mmjj150_mWW500_madgraph_pythia8/RunIII2024Summer24NanoGeN_v1p0/250118_190353/0000/NanoGen_131.root
root://hip-cms-se.csc.fi//store/user/nbinnorj/VBSSignalProdv3p0_NanoGen_v1p0/CRABOUTPUT/WPMJJWPMJJjj_EWK_LO_4f_mmjj150_mWW500_madgraph_pythia8/RunIII2024Summer24NanoGeN_v1p0/250118_190353/0000/NanoGen_121.root
root://hip-cms-se.csc.fi//store/user/nbinnorj/VBSSignalProdv3p0_NanoGen_v1p0/CRABOUTPUT/WPMJJWPMJJjj_EWK_LO_4f_mmjj150_mWW500_madgraph_pythia8/RunIII2024Summer24NanoGeN_v1p0/250118_190353/0000/NanoGen_215.root
root://hip-cms-se.csc.fi//store/user/nbinnorj/VBSSignalProdv3p0_NanoGen_v1p0/CRABOUTPUT/WPMJJWPMJJjj_EWK_LO_4f_mmjj150_mWW500_madgraph_pythia8/RunIII2024Summer24NanoGeN_v1p0/250118_190353/0000/NanoGen_108.root
root://hip-cms-se.csc.fi//store/user/nbinnorj/VBSSignalProdv3p0_NanoGen_v1p0/CRABOUTPUT/WPMJJWPMJJjj_EWK_LO_4f_mmjj150_mWW500_madgraph_pythia8/RunIII2024Summer24NanoGeN_v1p0/250118_190353/0000/NanoGen_62.root
root://hip-cms-se.csc.fi//store/user/nbinnorj/VBSSignalProdv3p0_NanoGen_v1p0/CRABOUTPUT/WPMJJWPMJJjj_EWK_LO_4f_mmjj150_mWW500_madgraph_pythia8/RunIII2024Summer24NanoGeN_v1p0/250118_190353/0000/NanoGen_128.root
root://hip-cms-se.csc.fi//store/user/nbinnorj/VBSSignalProdv3p0_NanoGen_v1p0/CRABOUTPUT/WPMJJWPMJJjj_EWK_LO_4f_mmjj150_mWW500_madgraph_pythia8/RunIII2024Summer24NanoGeN_v1p0/250118_190353/0000/NanoGen_34.root
root://hip-cms-se.csc.fi//store/user/nbinnorj/VBSSignalProdv3p0_NanoGen_v1p0/CRABOUTPUT/WPMJJWPMJJjj_EWK_LO_4f_mmjj150_mWW500_madgraph_pythia8/RunIII2024Summer24NanoGeN_v1p0/250118_190353/0000/NanoGen_184.root
root://hip-cms-se.csc.fi//store/user/nbinnorj/VBSSignalProdv3p0_NanoGen_v1p0/CRABOUTPUT/WPMJJWPMJJjj_EWK_LO_4f_mmjj150_mWW500_madgraph_pythia8/RunIII2024Summer24NanoGeN_v1p0/250118_190353/0000/NanoGen_169.root
root://hip-cms-se.csc.fi//store/user/nbinnorj/VBSSignalProdv3p0_NanoGen_v1p0/CRABOUTPUT/WPMJJWPMJJjj_EWK_LO_4f_mmjj150_mWW500_madgraph_pythia8/RunIII2024Summer24NanoGeN_v1p0/250118_190353/0000/NanoGen_8.root
root://hip-cms-se.csc.fi//store/user/nbinnorj/VBSSignalProdv3p0_NanoGen_v1p0/CRABOUTPUT/WPMJJWPMJJjj_EWK_LO_4f_mmjj150_mWW500_madgraph_pythia8/RunIII2024Summer24NanoGeN_v1p0/250118_190353/0000/NanoGen_15.root
root://hip-cms-se.csc.fi//store/user/nbinnorj/VBSSignalProdv3p0_NanoGen_v1p0/CRABOUTPUT/WPMJJWPMJJjj_EWK_LO_4f_mmjj150_mWW500_madgraph_pythia8/RunIII2024Summer24NanoGeN_v1p0/250118_190353/0000/NanoGen_4.root
root://hip-cms-se.csc.fi//store/user/nbinnorj/VBSSignalProdv3p0_NanoGen_v1p0/CRABOUTPUT/WPMJJWPMJJjj_EWK_LO_4f_mmjj150_mWW500_madgraph_pythia8/RunIII2024Summer24NanoGeN_v1p0/250118_190353/0000/NanoGen_63.root
root://hip-cms-se.csc.fi//store/user/nbinnorj/VBSSignalProdv3p0_NanoGen_v1p0/CRABOUTPUT/WPMJJWPMJJjj_EWK_LO_4f_mmjj150_mWW500_madgraph_pythia8/RunIII2024Summer24NanoGeN_v1p0/250118_190353/0000/NanoGen_282.root
root://hip-cms-se.csc.fi//store/user/nbinnorj/VBSSignalProdv3p0_NanoGen_v1p0/CRABOUTPUT/WPMJJWPMJJjj_EWK_LO_4f_mmjj150_mWW500_madgraph_pythia8/RunIII2024Summer24NanoGeN_v1p0/250118_190353/0000/NanoGen_176.root
root://hip-cms-se.csc.fi//store/user/nbinnorj/VBSSignalProdv3p0_NanoGen_v1p0/CRABOUTPUT/WPMJJWPMJJjj_EWK_LO_4f_mmjj150_mWW500_madgraph_pythia8/RunIII2024Summer24NanoGeN_v1p0/250118_190353/0000/NanoGen_158.root
root://hip-cms-se.csc.fi//store/user/nbinnorj/VBSSignalProdv3p0_NanoGen_v1p0/CRABOUTPUT/WPMJJWPMJJjj_EWK_LO_4f_mmjj150_mWW500_madgraph_pythia8/RunIII2024Summer24NanoGeN_v1p0/250118_190353/0000/NanoGen_186.root
root://hip-cms-se.csc.fi//store/user/nbinnorj/VBSSignalProdv3p0_NanoGen_v1p0/CRABOUTPUT/WPMJJWPMJJjj_EWK_LO_4f_mmjj150_mWW500_madgraph_pythia8/RunIII2024Summer24NanoGeN_v1p0/250118_190353/0000/NanoGen_23.root
root://hip-cms-se.csc.fi//store/user/nbinnorj/VBSSignalProdv3p0_NanoGen_v1p0/CRABOUTPUT/WPMJJWPMJJjj_EWK_LO_4f_mmjj150_mWW500_madgraph_pythia8/RunIII2024Summer24NanoGeN_v1p0/250118_190353/0000/NanoGen_59.root
root://hip-cms-se.csc.fi//store/user/nbinnorj/VBSSignalProdv3p0_NanoGen_v1p0/CRABOUTPUT/WPMJJWPMJJjj_EWK_LO_4f_mmjj150_mWW500_madgraph_pythia8/RunIII2024Summer24NanoGeN_v1p0/250118_190353/0000/NanoGen_65.root
root://hip-cms-se.csc.fi//store/user/nbinnorj/VBSSignalProdv3p0_NanoGen_v1p0/CRABOUTPUT/WPMJJWPMJJjj_EWK_LO_4f_mmjj150_mWW500_madgraph_pythia8/RunIII2024Summer24NanoGeN_v1p0/250118_190353/0000/NanoGen_135.root
root://hip-cms-se.csc.fi//store/user/nbinnorj/VBSSignalProdv3p0_NanoGen_v1p0/CRABOUTPUT/WPMJJWPMJJjj_EWK_LO_4f_mmjj150_mWW500_madgraph_pythia8/RunIII2024Summer24NanoGeN_v1p0/250118_190353/0000/NanoGen_136.root
root://hip-cms-se.csc.fi//store/user/nbinnorj/VBSSignalProdv3p0_NanoGen_v1p0/CRABOUTPUT/WPMJJWPMJJjj_EWK_LO_4f_mmjj150_mWW500_madgraph_pythia8/RunIII2024Summer24NanoGeN_v1p0/250118_190353/0000/NanoGen_126.root
root://hip-cms-se.csc.fi//store/user/nbinnorj/VBSSignalProdv3p0_NanoGen_v1p0/CRABOUTPUT/WPMJJWPMJJjj_EWK_LO_4f_mmjj150_mWW500_madgraph_pythia8/RunIII2024Summer24NanoGeN_v1p0/250118_190353/0000/NanoGen_33.root
root://hip-cms-se.csc.fi//store/user/nbinnorj/VBSSignalProdv3p0_NanoGen_v1p0/CRABOUTPUT/WPMJJWPMJJjj_EWK_LO_4f_mmjj150_mWW500_madgraph_pythia8/RunIII2024Summer24NanoGeN_v1p0/250118_190353/0000/NanoGen_194.root
root://hip-cms-se.csc.fi//store/user/nbinnorj/VBSSignalProdv3p0_NanoGen_v1p0/CRABOUTPUT/WPMJJWPMJJjj_EWK_LO_4f_mmjj150_mWW500_madgraph_pythia8/RunIII2024Summer24NanoGeN_v1p0/250118_190353/0000/NanoGen_245.root
root://hip-cms-se.csc.fi//store/user/nbinnorj/VBSSignalProdv3p0_NanoGen_v1p0/CRABOUTPUT/WPMJJWPMJJjj_EWK_LO_4f_mmjj150_mWW500_madgraph_pythia8/RunIII2024Summer24NanoGeN_v1p0/250118_190353/0000/NanoGen_206.root
root://hip-cms-se.csc.fi//store/user/nbinnorj/VBSSignalProdv3p0_NanoGen_v1p0/CRABOUTPUT/WPMJJWPMJJjj_EWK_LO_4f_mmjj150_mWW500_madgraph_pythia8/RunIII2024Summer24NanoGeN_v1p0/250118_190353/0000/NanoGen_25.root
root://hip-cms-se.csc.fi//store/user/nbinnorj/VBSSignalProdv3p0_NanoGen_v1p0/CRABOUTPUT/WPMJJWPMJJjj_EWK_LO_4f_mmjj150_mWW500_madgraph_pythia8/RunIII2024Summer24NanoGeN_v1p0/250118_190353/0000/NanoGen_152.root
root://hip-cms-se.csc.fi//store/user/nbinnorj/VBSSignalProdv3p0_NanoGen_v1p0/CRABOUTPUT/WPMJJWPMJJjj_EWK_LO_4f_mmjj150_mWW500_madgraph_pythia8/RunIII2024Summer24NanoGeN_v1p0/250118_190353/0000/NanoGen_205.root
root://hip-cms-se.csc.fi//store/user/nbinnorj/VBSSignalProdv3p0_NanoGen_v1p0/CRABOUTPUT/WPMJJWPMJJjj_EWK_LO_4f_mmjj150_mWW500_madgraph_pythia8/RunIII2024Summer24NanoGeN_v1p0/250118_190353/0000/NanoGen_17.root
root://hip-cms-se.csc.fi//store/user/nbinnorj/VBSSignalProdv3p0_NanoGen_v1p0/CRABOUTPUT/WPMJJWPMJJjj_EWK_LO_4f_mmjj150_mWW500_madgraph_pythia8/RunIII2024Summer24NanoGeN_v1p0/250118_190353/0000/NanoGen_203.root
root://hip-cms-se.csc.fi//store/user/nbinnorj/VBSSignalProdv3p0_NanoGen_v1p0/CRABOUTPUT/WPMJJWPMJJjj_EWK_LO_4f_mmjj150_mWW500_madgraph_pythia8/RunIII2024Summer24NanoGeN_v1p0/250118_190353/0000/NanoGen_192.root
root://hip-cms-se.csc.fi//store/user/nbinnorj/VBSSignalProdv3p0_NanoGen_v1p0/CRABOUTPUT/WPMJJWPMJJjj_EWK_LO_4f_mmjj150_mWW500_madgraph_pythia8/RunIII2024Summer24NanoGeN_v1p0/250118_190353/0000/NanoGen_21.root
root://hip-cms-se.csc.fi//store/user/nbinnorj/VBSSignalProdv3p0_NanoGen_v1p0/CRABOUTPUT/WPMJJWPMJJjj_EWK_LO_4f_mmjj150_mWW500_madgraph_pythia8/RunIII2024Summer24NanoGeN_v1p0/250118_190353/0000/NanoGen_142.root
root://hip-cms-se.csc.fi//store/user/nbinnorj/VBSSignalProdv3p0_NanoGen_v1p0/CRABOUTPUT/WPMJJWPMJJjj_EWK_LO_4f_mmjj150_mWW500_madgraph_pythia8/RunIII2024Summer24NanoGeN_v1p0/250118_190353/0000/NanoGen_246.root
root://hip-cms-se.csc.fi//store/user/nbinnorj/VBSSignalProdv3p0_NanoGen_v1p0/CRABOUTPUT/WPMJJWPMJJjj_EWK_LO_4f_mmjj150_mWW500_madgraph_pythia8/RunIII2024Summer24NanoGeN_v1p0/250118_190353/0000/NanoGen_82.root
root://hip-cms-se.csc.fi//store/user/nbinnorj/VBSSignalProdv3p0_NanoGen_v1p0/CRABOUTPUT/WPMJJWPMJJjj_EWK_LO_4f_mmjj150_mWW500_madgraph_pythia8/RunIII2024Summer24NanoGeN_v1p0/250118_190353/0000/NanoGen_129.root
root://hip-cms-se.csc.fi//store/user/nbinnorj/VBSSignalProdv3p0_NanoGen_v1p0/CRABOUTPUT/WPMJJWPMJJjj_EWK_LO_4f_mmjj150_mWW500_madgraph_pythia8/RunIII2024Summer24NanoGeN_v1p0/250118_190353/0000/NanoGen_125.root
root://hip-cms-se.csc.fi//store/user/nbinnorj/VBSSignalProdv3p0_NanoGen_v1p0/CRABOUTPUT/WPMJJWPMJJjj_EWK_LO_4f_mmjj150_mWW500_madgraph_pythia8/RunIII2024Summer24NanoGeN_v1p0/250118_190353/0000/NanoGen_207.root
root://hip-cms-se.csc.fi//store/user/nbinnorj/VBSSignalProdv3p0_NanoGen_v1p0/CRABOUTPUT/WPMJJWPMJJjj_EWK_LO_4f_mmjj150_mWW500_madgraph_pythia8/RunIII2024Summer24NanoGeN_v1p0/250118_190353/0000/NanoGen_208.root
root://hip-cms-se.csc.fi//store/user/nbinnorj/VBSSignalProdv3p0_NanoGen_v1p0/CRABOUTPUT/WPMJJWPMJJjj_EWK_LO_4f_mmjj150_mWW500_madgraph_pythia8/RunIII2024Summer24NanoGeN_v1p0/250118_190353/0000/NanoGen_253.root
root://hip-cms-se.csc.fi//store/user/nbinnorj/VBSSignalProdv3p0_NanoGen_v1p0/CRABOUTPUT/WPMJJWPMJJjj_EWK_LO_4f_mmjj150_mWW500_madgraph_pythia8/RunIII2024Summer24NanoGeN_v1p0/250118_190353/0000/NanoGen_13.root
root://hip-cms-se.csc.fi//store/user/nbinnorj/VBSSignalProdv3p0_NanoGen_v1p0/CRABOUTPUT/WPMJJWPMJJjj_EWK_LO_4f_mmjj150_mWW500_madgraph_pythia8/RunIII2024Summer24NanoGeN_v1p0/250118_190353/0000/NanoGen_244.root
root://hip-cms-se.csc.fi//store/user/nbinnorj/VBSSignalProdv3p0_NanoGen_v1p0/CRABOUTPUT/WPMJJWPMJJjj_EWK_LO_4f_mmjj150_mWW500_madgraph_pythia8/RunIII2024Summer24NanoGeN_v1p0/250118_190353/0000/NanoGen_222.root
root://hip-cms-se.csc.fi//store/user/nbinnorj/VBSSignalProdv3p0_NanoGen_v1p0/CRABOUTPUT/WPMJJWPMJJjj_EWK_LO_4f_mmjj150_mWW500_madgraph_pythia8/RunIII2024Summer24NanoGeN_v1p0/250118_190353/0000/NanoGen_236.root
root://hip-cms-se.csc.fi//store/user/nbinnorj/VBSSignalProdv3p0_NanoGen_v1p0/CRABOUTPUT/WPMJJWPMJJjj_EWK_LO_4f_mmjj150_mWW500_madgraph_pythia8/RunIII2024Summer24NanoGeN_v1p0/250118_190353/0000/NanoGen_179.root
root://hip-cms-se.csc.fi//store/user/nbinnorj/VBSSignalProdv3p0_NanoGen_v1p0/CRABOUTPUT/WPMJJWPMJJjj_EWK_LO_4f_mmjj150_mWW500_madgraph_pythia8/RunIII2024Summer24NanoGeN_v1p0/250118_190353/0000/NanoGen_30.root
root://hip-cms-se.csc.fi//store/user/nbinnorj/VBSSignalProdv3p0_NanoGen_v1p0/CRABOUTPUT/WPMJJWPMJJjj_EWK_LO_4f_mmjj150_mWW500_madgraph_pythia8/RunIII2024Summer24NanoGeN_v1p0/250118_190353/0000/NanoGen_221.root
root://hip-cms-se.csc.fi//store/user/nbinnorj/VBSSignalProdv3p0_NanoGen_v1p0/CRABOUTPUT/WPMJJWPMJJjj_EWK_LO_4f_mmjj150_mWW500_madgraph_pythia8/RunIII2024Summer24NanoGeN_v1p0/250118_190353/0000/NanoGen_66.root
root://hip-cms-se.csc.fi//store/user/nbinnorj/VBSSignalProdv3p0_NanoGen_v1p0/CRABOUTPUT/WPMJJWPMJJjj_EWK_LO_4f_mmjj150_mWW500_madgraph_pythia8/RunIII2024Summer24NanoGeN_v1p0/250118_190353/0000/NanoGen_182.root
root://hip-cms-se.csc.fi//store/user/nbinnorj/VBSSignalProdv3p0_NanoGen_v1p0/CRABOUTPUT/WPMJJWPMJJjj_EWK_LO_4f_mmjj150_mWW500_madgraph_pythia8/RunIII2024Summer24NanoGeN_v1p0/250118_190353/0000/NanoGen_216.root
nEntries=3000000
0 / 3000000
500 / 3000000
1000 / 3000000
1500 / 3000000
2000 / 3000000
2500 / 3000000
3000 / 3000000
3500 / 3000000
4000 / 3000000
4500 / 3000000
5000 / 3000000
5500 / 3000000
6000 / 3000000
6500 / 3000000
7000 / 3000000
7500 / 3000000
8000 / 3000000
8500 / 3000000
9000 / 3000000
9500 / 3000000
10000 / 3000000
10500 / 3000000
11000 / 3000000
11500 / 3000000
12000 / 3000000
12500 / 3000000
13000 / 3000000
13500 / 3000000
14000 / 3000000
14500 / 3000000
15000 / 3000000
15500 / 3000000
16000 / 3000000
16500 / 3000000
17000 / 3000000
17500 / 3000000
18000 / 3000000
18500 / 3000000
19000 / 3000000
19500 / 3000000
20000 / 3000000
20500 / 3000000
21000 / 3000000
21500 / 3000000
22000 / 3000000
22500 / 3000000
23000 / 3000000
23500 / 3000000
24000 / 3000000
24500 / 3000000
25000 / 3000000
25500 / 3000000
26000 / 3000000
26500 / 3000000
27000 / 3000000
27500 / 3000000
28000 / 3000000
28500 / 3000000
29000 / 3000000
29500 / 3000000
30000 / 3000000
30500 / 3000000
31000 / 3000000
31500 / 3000000
32000 / 3000000
32500 / 3000000
33000 / 3000000
33500 / 3000000
34000 / 3000000
34500 / 3000000
35000 / 3000000
35500 / 3000000
36000 / 3000000
36500 / 3000000
37000 / 3000000
37500 / 3000000
38000 / 3000000
38500 / 3000000
39000 / 3000000
39500 / 3000000
40000 / 3000000
40500 / 3000000
41000 / 3000000
41500 / 3000000
42000 / 3000000
42500 / 3000000
43000 / 3000000
43500 / 3000000
44000 / 3000000
44500 / 3000000
45000 / 3000000
45500 / 3000000
46000 / 3000000
46500 / 3000000
47000 / 3000000
47500 / 3000000
48000 / 3000000
48500 / 3000000
49000 / 3000000
49500 / 3000000
50000 / 3000000
50500 / 3000000
51000 / 3000000
51500 / 3000000
52000 / 3000000
52500 / 3000000
53000 / 3000000
53500 / 3000000
54000 / 3000000
54500 / 3000000
55000 / 3000000
55500 / 3000000
56000 / 3000000
56500 / 3000000
57000 / 3000000
57500 / 3000000
58000 / 3000000
58500 / 3000000
59000 / 3000000
59500 / 3000000
60000 / 3000000
60500 / 3000000
61000 / 3000000
61500 / 3000000
62000 / 3000000
62500 / 3000000
63000 / 3000000
63500 / 3000000
64000 / 3000000
64500 / 3000000
65000 / 3000000
65500 / 3000000
66000 / 3000000
66500 / 3000000
67000 / 3000000
67500 / 3000000
68000 / 3000000
68500 / 3000000
69000 / 3000000
69500 / 3000000
70000 / 3000000
70500 / 3000000
71000 / 3000000
71500 / 3000000
72000 / 3000000
72500 / 3000000
73000 / 3000000
73500 / 3000000
74000 / 3000000
74500 / 3000000
75000 / 3000000
75500 / 3000000
76000 / 3000000
76500 / 3000000
77000 / 3000000
77500 / 3000000
78000 / 3000000
78500 / 3000000
79000 / 3000000
79500 / 3000000
80000 / 3000000
80500 / 3000000
81000 / 3000000
81500 / 3000000
82000 / 3000000
82500 / 3000000
83000 / 3000000
83500 / 3000000
84000 / 3000000
84500 / 3000000
85000 / 3000000
85500 / 3000000
86000 / 3000000
86500 / 3000000
87000 / 3000000
87500 / 3000000
88000 / 3000000
88500 / 3000000
89000 / 3000000
89500 / 3000000
90000 / 3000000
90500 / 3000000
91000 / 3000000
91500 / 3000000
92000 / 3000000
92500 / 3000000
93000 / 3000000
93500 / 3000000
94000 / 3000000
94500 / 3000000
95000 / 3000000
95500 / 3000000
96000 / 3000000
96500 / 3000000
97000 / 3000000
97500 / 3000000
98000 / 3000000
98500 / 3000000
99000 / 3000000
99500 / 3000000
100000 / 3000000
100500 / 3000000
101000 / 3000000
101500 / 3000000
102000 / 3000000
102500 / 3000000
103000 / 3000000
103500 / 3000000
104000 / 3000000
104500 / 3000000
105000 / 3000000
105500 / 3000000
106000 / 3000000
106500 / 3000000
107000 / 3000000
107500 / 3000000
108000 / 3000000
108500 / 3000000
109000 / 3000000
109500 / 3000000
110000 / 3000000
110500 / 3000000
111000 / 3000000
111500 / 3000000
112000 / 3000000
112500 / 3000000
113000 / 3000000
113500 / 3000000
114000 / 3000000
114500 / 3000000
115000 / 3000000
115500 / 3000000
116000 / 3000000
116500 / 3000000
117000 / 3000000
117500 / 3000000
118000 / 3000000
118500 / 3000000
119000 / 3000000
119500 / 3000000
120000 / 3000000
120500 / 3000000
121000 / 3000000
121500 / 3000000
122000 / 3000000
122500 / 3000000
123000 / 3000000
123500 / 3000000
124000 / 3000000
124500 / 3000000
125000 / 3000000
125500 / 3000000
126000 / 3000000
126500 / 3000000
127000 / 3000000
127500 / 3000000
128000 / 3000000
128500 / 3000000
129000 / 3000000
129500 / 3000000
130000 / 3000000
130500 / 3000000
131000 / 3000000
131500 / 3000000
132000 / 3000000
132500 / 3000000
133000 / 3000000
133500 / 3000000
134000 / 3000000
134500 / 3000000
135000 / 3000000
135500 / 3000000
136000 / 3000000
136500 / 3000000
137000 / 3000000
137500 / 3000000
138000 / 3000000
138500 / 3000000
139000 / 3000000
139500 / 3000000
140000 / 3000000
140500 / 3000000
141000 / 3000000
141500 / 3000000
142000 / 3000000
142500 / 3000000
143000 / 3000000
143500 / 3000000
144000 / 3000000
144500 / 3000000
145000 / 3000000
145500 / 3000000
146000 / 3000000
146500 / 3000000
147000 / 3000000
147500 / 3000000
148000 / 3000000
148500 / 3000000
149000 / 3000000
149500 / 3000000
150000 / 3000000
150500 / 3000000
151000 / 3000000
151500 / 3000000
152000 / 3000000
152500 / 3000000
153000 / 3000000
153500 / 3000000
154000 / 3000000
154500 / 3000000
155000 / 3000000
155500 / 3000000
156000 / 3000000
156500 / 3000000
157000 / 3000000
157500 / 3000000
158000 / 3000000
158500 / 3000000
159000 / 3000000
159500 / 3000000
160000 / 3000000
160500 / 3000000
161000 / 3000000
161500 / 3000000
162000 / 3000000
162500 / 3000000
163000 / 3000000
163500 / 3000000
164000 / 3000000
164500 / 3000000
165000 / 3000000
165500 / 3000000
166000 / 3000000
166500 / 3000000
167000 / 3000000
167500 / 3000000
168000 / 3000000
168500 / 3000000
169000 / 3000000
169500 / 3000000
170000 / 3000000
170500 / 3000000
171000 / 3000000
171500 / 3000000
172000 / 3000000
172500 / 3000000
173000 / 3000000
173500 / 3000000
174000 / 3000000
174500 / 3000000
175000 / 3000000
175500 / 3000000
176000 / 3000000
176500 / 3000000
177000 / 3000000
177500 / 3000000
178000 / 3000000
178500 / 3000000
179000 / 3000000
179500 / 3000000
180000 / 3000000
180500 / 3000000
181000 / 3000000
181500 / 3000000
182000 / 3000000
182500 / 3000000
183000 / 3000000
183500 / 3000000
184000 / 3000000
184500 / 3000000
185000 / 3000000
185500 / 3000000
186000 / 3000000
186500 / 3000000
187000 / 3000000
187500 / 3000000
188000 / 3000000
188500 / 3000000
189000 / 3000000
189500 / 3000000
190000 / 3000000
190500 / 3000000
191000 / 3000000
191500 / 3000000
192000 / 3000000
192500 / 3000000
193000 / 3000000
193500 / 3000000
194000 / 3000000
194500 / 3000000
195000 / 3000000
195500 / 3000000
196000 / 3000000
196500 / 3000000
197000 / 3000000
197500 / 3000000
198000 / 3000000
198500 / 3000000
199000 / 3000000
199500 / 3000000
200000 / 3000000
200500 / 3000000
201000 / 3000000
201500 / 3000000
202000 / 3000000
202500 / 3000000
203000 / 3000000
203500 / 3000000
204000 / 3000000
204500 / 3000000
205000 / 3000000
205500 / 3000000
206000 / 3000000
206500 / 3000000
207000 / 3000000
207500 / 3000000
208000 / 3000000
208500 / 3000000
209000 / 3000000
209500 / 3000000
210000 / 3000000
210500 / 3000000
211000 / 3000000
211500 / 3000000
212000 / 3000000
212500 / 3000000
213000 / 3000000
213500 / 3000000
214000 / 3000000
214500 / 3000000
215000 / 3000000
215500 / 3000000
216000 / 3000000
216500 / 3000000
217000 / 3000000
217500 / 3000000
218000 / 3000000
218500 / 3000000
219000 / 3000000
219500 / 3000000
220000 / 3000000
220500 / 3000000
221000 / 3000000
221500 / 3000000
222000 / 3000000
222500 / 3000000
223000 / 3000000
223500 / 3000000
224000 / 3000000
224500 / 3000000
225000 / 3000000
225500 / 3000000
226000 / 3000000
226500 / 3000000
227000 / 3000000
227500 / 3000000
228000 / 3000000
228500 / 3000000
229000 / 3000000
229500 / 3000000
230000 / 3000000
230500 / 3000000
231000 / 3000000
231500 / 3000000
232000 / 3000000
232500 / 3000000
233000 / 3000000
233500 / 3000000
234000 / 3000000
234500 / 3000000
235000 / 3000000
235500 / 3000000
236000 / 3000000
236500 / 3000000
237000 / 3000000
237500 / 3000000
238000 / 3000000
238500 / 3000000
239000 / 3000000
239500 / 3000000
240000 / 3000000
240500 / 3000000
241000 / 3000000
241500 / 3000000
242000 / 3000000
242500 / 3000000
243000 / 3000000
243500 / 3000000
244000 / 3000000
244500 / 3000000
245000 / 3000000
245500 / 3000000
246000 / 3000000
246500 / 3000000
247000 / 3000000
247500 / 3000000
248000 / 3000000
248500 / 3000000
249000 / 3000000
249500 / 3000000
250000 / 3000000
250500 / 3000000
251000 / 3000000
251500 / 3000000
252000 / 3000000
252500 / 3000000
253000 / 3000000
253500 / 3000000
254000 / 3000000
254500 / 3000000
255000 / 3000000
255500 / 3000000
256000 / 3000000
256500 / 3000000
257000 / 3000000
257500 / 3000000
258000 / 3000000
258500 / 3000000
259000 / 3000000
259500 / 3000000
260000 / 3000000
260500 / 3000000
261000 / 3000000
261500 / 3000000
262000 / 3000000
262500 / 3000000
263000 / 3000000
263500 / 3000000
264000 / 3000000
264500 / 3000000
265000 / 3000000
265500 / 3000000
266000 / 3000000
266500 / 3000000
267000 / 3000000
267500 / 3000000
268000 / 3000000
268500 / 3000000
269000 / 3000000
269500 / 3000000
270000 / 3000000
270500 / 3000000
271000 / 3000000
271500 / 3000000
272000 / 3000000
272500 / 3000000
273000 / 3000000
273500 / 3000000
274000 / 3000000
274500 / 3000000
275000 / 3000000
275500 / 3000000
276000 / 3000000
276500 / 3000000
277000 / 3000000
277500 / 3000000
278000 / 3000000
278500 / 3000000
279000 / 3000000
279500 / 3000000
280000 / 3000000
280500 / 3000000
281000 / 3000000
281500 / 3000000
282000 / 3000000
282500 / 3000000
283000 / 3000000
283500 / 3000000
284000 / 3000000
284500 / 3000000
285000 / 3000000
285500 / 3000000
286000 / 3000000
286500 / 3000000
287000 / 3000000
287500 / 3000000
288000 / 3000000
288500 / 3000000
289000 / 3000000
289500 / 3000000
290000 / 3000000
290500 / 3000000
291000 / 3000000
291500 / 3000000
292000 / 3000000
292500 / 3000000
293000 / 3000000
293500 / 3000000
294000 / 3000000
294500 / 3000000
295000 / 3000000
295500 / 3000000
296000 / 3000000
296500 / 3000000
297000 / 3000000
297500 / 3000000
298000 / 3000000
298500 / 3000000
299000 / 3000000
299500 / 3000000
300000 / 3000000
300500 / 3000000
301000 / 3000000
301500 / 3000000
302000 / 3000000
302500 / 3000000
303000 / 3000000
303500 / 3000000
304000 / 3000000
304500 / 3000000
305000 / 3000000
305500 / 3000000
306000 / 3000000
306500 / 3000000
307000 / 3000000
307500 / 3000000
308000 / 3000000
308500 / 3000000
309000 / 3000000
309500 / 3000000
310000 / 3000000
310500 / 3000000
311000 / 3000000
311500 / 3000000
312000 / 3000000
312500 / 3000000
313000 / 3000000
313500 / 3000000
314000 / 3000000
314500 / 3000000
315000 / 3000000
315500 / 3000000
316000 / 3000000
316500 / 3000000
317000 / 3000000
317500 / 3000000
318000 / 3000000
318500 / 3000000
319000 / 3000000
319500 / 3000000
320000 / 3000000
320500 / 3000000
321000 / 3000000
321500 / 3000000
322000 / 3000000
322500 / 3000000
323000 / 3000000
323500 / 3000000
324000 / 3000000
324500 / 3000000
325000 / 3000000
325500 / 3000000
326000 / 3000000
326500 / 3000000
327000 / 3000000
327500 / 3000000
328000 / 3000000
328500 / 3000000
329000 / 3000000
329500 / 3000000
330000 / 3000000
330500 / 3000000
331000 / 3000000
331500 / 3000000
332000 / 3000000
332500 / 3000000
333000 / 3000000
333500 / 3000000
334000 / 3000000
334500 / 3000000
335000 / 3000000
335500 / 3000000
336000 / 3000000
336500 / 3000000
337000 / 3000000
337500 / 3000000
338000 / 3000000
338500 / 3000000
339000 / 3000000
339500 / 3000000
340000 / 3000000
340500 / 3000000
341000 / 3000000
341500 / 3000000
342000 / 3000000
342500 / 3000000
343000 / 3000000
343500 / 3000000
344000 / 3000000
344500 / 3000000
345000 / 3000000
345500 / 3000000
346000 / 3000000
346500 / 3000000
347000 / 3000000
347500 / 3000000
348000 / 3000000
348500 / 3000000
349000 / 3000000
349500 / 3000000
350000 / 3000000
350500 / 3000000
351000 / 3000000
351500 / 3000000
352000 / 3000000
352500 / 3000000
353000 / 3000000
353500 / 3000000
354000 / 3000000
354500 / 3000000
355000 / 3000000
355500 / 3000000
356000 / 3000000
356500 / 3000000
357000 / 3000000
357500 / 3000000
358000 / 3000000
358500 / 3000000
359000 / 3000000
359500 / 3000000
360000 / 3000000
360500 / 3000000
361000 / 3000000
361500 / 3000000
362000 / 3000000
362500 / 3000000
363000 / 3000000
363500 / 3000000
364000 / 3000000
364500 / 3000000
365000 / 3000000
365500 / 3000000
366000 / 3000000
366500 / 3000000
367000 / 3000000
367500 / 3000000
368000 / 3000000
368500 / 3000000
369000 / 3000000
369500 / 3000000
370000 / 3000000
370500 / 3000000
371000 / 3000000
371500 / 3000000
372000 / 3000000
372500 / 3000000
373000 / 3000000
373500 / 3000000
374000 / 3000000
374500 / 3000000
375000 / 3000000
375500 / 3000000
376000 / 3000000
376500 / 3000000
377000 / 3000000
377500 / 3000000
378000 / 3000000
378500 / 3000000
379000 / 3000000
379500 / 3000000
380000 / 3000000
380500 / 3000000
381000 / 3000000
381500 / 3000000
382000 / 3000000
382500 / 3000000
383000 / 3000000
383500 / 3000000
384000 / 3000000
384500 / 3000000
385000 / 3000000
385500 / 3000000
386000 / 3000000
386500 / 3000000
387000 / 3000000
387500 / 3000000
388000 / 3000000
388500 / 3000000
389000 / 3000000
389500 / 3000000
390000 / 3000000
390500 / 3000000
391000 / 3000000
391500 / 3000000
392000 / 3000000
392500 / 3000000
393000 / 3000000
393500 / 3000000
394000 / 3000000
394500 / 3000000
395000 / 3000000
395500 / 3000000
396000 / 3000000
396500 / 3000000
397000 / 3000000
397500 / 3000000
398000 / 3000000
398500 / 3000000
399000 / 3000000
399500 / 3000000
400000 / 3000000
400500 / 3000000
401000 / 3000000
401500 / 3000000
402000 / 3000000
402500 / 3000000
403000 / 3000000
403500 / 3000000
404000 / 3000000
404500 / 3000000
405000 / 3000000
405500 / 3000000
406000 / 3000000
406500 / 3000000
407000 / 3000000
407500 / 3000000
408000 / 3000000
408500 / 3000000
409000 / 3000000
409500 / 3000000
410000 / 3000000
410500 / 3000000
411000 / 3000000
411500 / 3000000
412000 / 3000000
412500 / 3000000
413000 / 3000000
413500 / 3000000
414000 / 3000000
414500 / 3000000
415000 / 3000000
415500 / 3000000
416000 / 3000000
416500 / 3000000
417000 / 3000000
417500 / 3000000
418000 / 3000000
418500 / 3000000
419000 / 3000000
419500 / 3000000
420000 / 3000000
420500 / 3000000
421000 / 3000000
421500 / 3000000
422000 / 3000000
422500 / 3000000
423000 / 3000000
423500 / 3000000
424000 / 3000000
424500 / 3000000
425000 / 3000000
425500 / 3000000
426000 / 3000000
426500 / 3000000
427000 / 3000000
427500 / 3000000
428000 / 3000000
428500 / 3000000
429000 / 3000000
429500 / 3000000
430000 / 3000000
430500 / 3000000
431000 / 3000000
431500 / 3000000
432000 / 3000000
432500 / 3000000
433000 / 3000000
433500 / 3000000
434000 / 3000000
434500 / 3000000
435000 / 3000000
435500 / 3000000
436000 / 3000000
436500 / 3000000
437000 / 3000000
437500 / 3000000
438000 / 3000000
438500 / 3000000
439000 / 3000000
439500 / 3000000
440000 / 3000000
440500 / 3000000
441000 / 3000000
441500 / 3000000
442000 / 3000000
442500 / 3000000
443000 / 3000000
443500 / 3000000
444000 / 3000000
444500 / 3000000
445000 / 3000000
445500 / 3000000
446000 / 3000000
446500 / 3000000
447000 / 3000000
447500 / 3000000
448000 / 3000000
448500 / 3000000
449000 / 3000000
449500 / 3000000
450000 / 3000000
450500 / 3000000
451000 / 3000000
451500 / 3000000
452000 / 3000000
452500 / 3000000
453000 / 3000000
453500 / 3000000
454000 / 3000000
454500 / 3000000
455000 / 3000000
455500 / 3000000
456000 / 3000000
456500 / 3000000
457000 / 3000000
457500 / 3000000
458000 / 3000000
458500 / 3000000
459000 / 3000000
459500 / 3000000
460000 / 3000000
460500 / 3000000
461000 / 3000000
461500 / 3000000
462000 / 3000000
462500 / 3000000
463000 / 3000000
463500 / 3000000
464000 / 3000000
464500 / 3000000
465000 / 3000000
465500 / 3000000
466000 / 3000000
466500 / 3000000
467000 / 3000000
467500 / 3000000
468000 / 3000000
468500 / 3000000
469000 / 3000000
469500 / 3000000
470000 / 3000000
470500 / 3000000
471000 / 3000000
471500 / 3000000
472000 / 3000000
472500 / 3000000
473000 / 3000000
473500 / 3000000
474000 / 3000000
474500 / 3000000
475000 / 3000000
475500 / 3000000
476000 / 3000000
476500 / 3000000
477000 / 3000000
477500 / 3000000
478000 / 3000000
478500 / 3000000
479000 / 3000000
479500 / 3000000
480000 / 3000000
480500 / 3000000
481000 / 3000000
481500 / 3000000
482000 / 3000000
482500 / 3000000
483000 / 3000000
483500 / 3000000
484000 / 3000000
484500 / 3000000
485000 / 3000000
485500 / 3000000
486000 / 3000000
486500 / 3000000
487000 / 3000000
487500 / 3000000
488000 / 3000000
488500 / 3000000
489000 / 3000000
489500 / 3000000
490000 / 3000000
490500 / 3000000
491000 / 3000000
491500 / 3000000
492000 / 3000000
492500 / 3000000
493000 / 3000000
493500 / 3000000
494000 / 3000000
494500 / 3000000
495000 / 3000000
495500 / 3000000
496000 / 3000000
496500 / 3000000
497000 / 3000000
497500 / 3000000
498000 / 3000000
498500 / 3000000
499000 / 3000000
499500 / 3000000
500000 / 3000000
500500 / 3000000
501000 / 3000000
501500 / 3000000
502000 / 3000000
502500 / 3000000
503000 / 3000000
503500 / 3000000
504000 / 3000000
504500 / 3000000
505000 / 3000000
505500 / 3000000
506000 / 3000000
506500 / 3000000
507000 / 3000000
507500 / 3000000
508000 / 3000000
508500 / 3000000
509000 / 3000000
509500 / 3000000
510000 / 3000000
510500 / 3000000
511000 / 3000000
511500 / 3000000
512000 / 3000000
512500 / 3000000
513000 / 3000000
513500 / 3000000
514000 / 3000000
514500 / 3000000
515000 / 3000000
515500 / 3000000
516000 / 3000000
516500 / 3000000
517000 / 3000000
517500 / 3000000
518000 / 3000000
518500 / 3000000
519000 / 3000000
519500 / 3000000
520000 / 3000000
520500 / 3000000
521000 / 3000000
521500 / 3000000
522000 / 3000000
522500 / 3000000
523000 / 3000000
523500 / 3000000
524000 / 3000000
524500 / 3000000
525000 / 3000000
525500 / 3000000
526000 / 3000000
526500 / 3000000
527000 / 3000000
527500 / 3000000
528000 / 3000000
528500 / 3000000
529000 / 3000000
529500 / 3000000
530000 / 3000000
530500 / 3000000
531000 / 3000000
531500 / 3000000
532000 / 3000000
532500 / 3000000
533000 / 3000000
533500 / 3000000
534000 / 3000000
534500 / 3000000
535000 / 3000000
535500 / 3000000
536000 / 3000000
536500 / 3000000
537000 / 3000000
537500 / 3000000
538000 / 3000000
538500 / 3000000
539000 / 3000000
539500 / 3000000
540000 / 3000000
540500 / 3000000
541000 / 3000000
541500 / 3000000
542000 / 3000000
542500 / 3000000
543000 / 3000000
543500 / 3000000
544000 / 3000000
544500 / 3000000
545000 / 3000000
545500 / 3000000
546000 / 3000000
546500 / 3000000
547000 / 3000000
547500 / 3000000
548000 / 3000000
548500 / 3000000
549000 / 3000000
549500 / 3000000
550000 / 3000000
550500 / 3000000
551000 / 3000000
551500 / 3000000
552000 / 3000000
552500 / 3000000
553000 / 3000000
553500 / 3000000
554000 / 3000000
554500 / 3000000
555000 / 3000000
555500 / 3000000
556000 / 3000000
556500 / 3000000
557000 / 3000000
557500 / 3000000
558000 / 3000000
558500 / 3000000
559000 / 3000000
559500 / 3000000
560000 / 3000000
560500 / 3000000
561000 / 3000000
561500 / 3000000
562000 / 3000000
562500 / 3000000
563000 / 3000000
563500 / 3000000
564000 / 3000000
564500 / 3000000
565000 / 3000000
565500 / 3000000
566000 / 3000000
566500 / 3000000
567000 / 3000000
567500 / 3000000
568000 / 3000000
568500 / 3000000
569000 / 3000000
569500 / 3000000
570000 / 3000000
570500 / 3000000
571000 / 3000000
571500 / 3000000
572000 / 3000000
572500 / 3000000
573000 / 3000000
573500 / 3000000
574000 / 3000000
574500 / 3000000
575000 / 3000000
575500 / 3000000
576000 / 3000000
576500 / 3000000
577000 / 3000000
577500 / 3000000
578000 / 3000000
578500 / 3000000
579000 / 3000000
579500 / 3000000
580000 / 3000000
580500 / 3000000
581000 / 3000000
581500 / 3000000
582000 / 3000000
582500 / 3000000
583000 / 3000000
583500 / 3000000
584000 / 3000000
584500 / 3000000
585000 / 3000000
585500 / 3000000
586000 / 3000000
586500 / 3000000
587000 / 3000000
587500 / 3000000
588000 / 3000000
588500 / 3000000
589000 / 3000000
589500 / 3000000
590000 / 3000000
590500 / 3000000
591000 / 3000000
591500 / 3000000
592000 / 3000000
592500 / 3000000
593000 / 3000000
593500 / 3000000
594000 / 3000000
594500 / 3000000
595000 / 3000000
595500 / 3000000
596000 / 3000000
596500 / 3000000
597000 / 3000000
597500 / 3000000
598000 / 3000000
598500 / 3000000
599000 / 3000000
599500 / 3000000
600000 / 3000000
600500 / 3000000
601000 / 3000000
601500 / 3000000
602000 / 3000000
602500 / 3000000
603000 / 3000000
603500 / 3000000
604000 / 3000000
604500 / 3000000
605000 / 3000000
605500 / 3000000
606000 / 3000000
606500 / 3000000
607000 / 3000000
607500 / 3000000
608000 / 3000000
608500 / 3000000
609000 / 3000000
609500 / 3000000
610000 / 3000000
610500 / 3000000
611000 / 3000000
611500 / 3000000
612000 / 3000000
612500 / 3000000
613000 / 3000000
613500 / 3000000
614000 / 3000000
614500 / 3000000
615000 / 3000000
615500 / 3000000
616000 / 3000000
616500 / 3000000
617000 / 3000000
617500 / 3000000
618000 / 3000000
618500 / 3000000
619000 / 3000000
619500 / 3000000
620000 / 3000000
620500 / 3000000
621000 / 3000000
621500 / 3000000
622000 / 3000000
622500 / 3000000
623000 / 3000000
623500 / 3000000
624000 / 3000000
624500 / 3000000
625000 / 3000000
625500 / 3000000
626000 / 3000000
626500 / 3000000
627000 / 3000000
627500 / 3000000
628000 / 3000000
628500 / 3000000
629000 / 3000000
629500 / 3000000
630000 / 3000000
630500 / 3000000
631000 / 3000000
631500 / 3000000
632000 / 3000000
632500 / 3000000
633000 / 3000000
633500 / 3000000
634000 / 3000000
634500 / 3000000
635000 / 3000000
635500 / 3000000
636000 / 3000000
636500 / 3000000
637000 / 3000000
637500 / 3000000
638000 / 3000000
638500 / 3000000
639000 / 3000000
639500 / 3000000
640000 / 3000000
640500 / 3000000
641000 / 3000000
641500 / 3000000
642000 / 3000000
642500 / 3000000
643000 / 3000000
643500 / 3000000
644000 / 3000000
644500 / 3000000
645000 / 3000000
645500 / 3000000
646000 / 3000000
646500 / 3000000
647000 / 3000000
647500 / 3000000
648000 / 3000000
648500 / 3000000
649000 / 3000000
649500 / 3000000
650000 / 3000000
650500 / 3000000
651000 / 3000000
651500 / 3000000
652000 / 3000000
652500 / 3000000
653000 / 3000000
653500 / 3000000
654000 / 3000000
654500 / 3000000
655000 / 3000000
655500 / 3000000
656000 / 3000000
656500 / 3000000
657000 / 3000000
657500 / 3000000
658000 / 3000000
658500 / 3000000
659000 / 3000000
659500 / 3000000
660000 / 3000000
660500 / 3000000
661000 / 3000000
661500 / 3000000
662000 / 3000000
662500 / 3000000
663000 / 3000000
663500 / 3000000
664000 / 3000000
664500 / 3000000
665000 / 3000000
665500 / 3000000
666000 / 3000000
666500 / 3000000
667000 / 3000000
667500 / 3000000
668000 / 3000000
668500 / 3000000
669000 / 3000000
669500 / 3000000
670000 / 3000000
670500 / 3000000
671000 / 3000000
671500 / 3000000
672000 / 3000000
672500 / 3000000
673000 / 3000000
673500 / 3000000
674000 / 3000000
674500 / 3000000
675000 / 3000000
675500 / 3000000
676000 / 3000000
676500 / 3000000
677000 / 3000000
677500 / 3000000
678000 / 3000000
678500 / 3000000
679000 / 3000000
679500 / 3000000
680000 / 3000000
680500 / 3000000
681000 / 3000000
681500 / 3000000
682000 / 3000000
682500 / 3000000
683000 / 3000000
683500 / 3000000
684000 / 3000000
684500 / 3000000
685000 / 3000000
685500 / 3000000
686000 / 3000000
686500 / 3000000
687000 / 3000000
687500 / 3000000
688000 / 3000000
688500 / 3000000
689000 / 3000000
689500 / 3000000
690000 / 3000000
690500 / 3000000
691000 / 3000000
691500 / 3000000
692000 / 3000000
692500 / 3000000
693000 / 3000000
693500 / 3000000
694000 / 3000000
694500 / 3000000
695000 / 3000000
695500 / 3000000
696000 / 3000000
696500 / 3000000
697000 / 3000000
697500 / 3000000
698000 / 3000000
698500 / 3000000
699000 / 3000000
699500 / 3000000
700000 / 3000000
700500 / 3000000
701000 / 3000000
701500 / 3000000
702000 / 3000000
702500 / 3000000
703000 / 3000000
703500 / 3000000
704000 / 3000000
704500 / 3000000
705000 / 3000000
705500 / 3000000
706000 / 3000000
706500 / 3000000
707000 / 3000000
707500 / 3000000
708000 / 3000000
708500 / 3000000
709000 / 3000000
709500 / 3000000
710000 / 3000000
710500 / 3000000
711000 / 3000000
711500 / 3000000
712000 / 3000000
712500 / 3000000
713000 / 3000000
713500 / 3000000
714000 / 3000000
714500 / 3000000
715000 / 3000000
715500 / 3000000
716000 / 3000000
716500 / 3000000
717000 / 3000000
717500 / 3000000
718000 / 3000000
718500 / 3000000
719000 / 3000000
719500 / 3000000
720000 / 3000000
720500 / 3000000
721000 / 3000000
721500 / 3000000
722000 / 3000000
722500 / 3000000
723000 / 3000000
723500 / 3000000
724000 / 3000000
724500 / 3000000
725000 / 3000000
725500 / 3000000
726000 / 3000000
726500 / 3000000
727000 / 3000000
727500 / 3000000
728000 / 3000000
728500 / 3000000
729000 / 3000000
729500 / 3000000
730000 / 3000000
730500 / 3000000
731000 / 3000000
731500 / 3000000
732000 / 3000000
732500 / 3000000
733000 / 3000000
733500 / 3000000
734000 / 3000000
734500 / 3000000
735000 / 3000000
735500 / 3000000
736000 / 3000000
736500 / 3000000
737000 / 3000000
737500 / 3000000
738000 / 3000000
738500 / 3000000
739000 / 3000000
739500 / 3000000
740000 / 3000000
740500 / 3000000
741000 / 3000000
741500 / 3000000
742000 / 3000000
742500 / 3000000
743000 / 3000000
743500 / 3000000
744000 / 3000000
744500 / 3000000
745000 / 3000000
745500 / 3000000
746000 / 3000000
746500 / 3000000
747000 / 3000000
747500 / 3000000
748000 / 3000000
748500 / 3000000
749000 / 3000000
749500 / 3000000
750000 / 3000000
750500 / 3000000
751000 / 3000000
751500 / 3000000
752000 / 3000000
752500 / 3000000
753000 / 3000000
753500 / 3000000
754000 / 3000000
754500 / 3000000
755000 / 3000000
755500 / 3000000
756000 / 3000000
756500 / 3000000
757000 / 3000000
757500 / 3000000
758000 / 3000000
758500 / 3000000
759000 / 3000000
759500 / 3000000
760000 / 3000000
760500 / 3000000
761000 / 3000000
761500 / 3000000
762000 / 3000000
762500 / 3000000
763000 / 3000000
763500 / 3000000
764000 / 3000000
764500 / 3000000
765000 / 3000000
765500 / 3000000
766000 / 3000000
766500 / 3000000
767000 / 3000000
767500 / 3000000
768000 / 3000000
768500 / 3000000
769000 / 3000000
769500 / 3000000
770000 / 3000000
770500 / 3000000
771000 / 3000000
771500 / 3000000
772000 / 3000000
772500 / 3000000
773000 / 3000000
773500 / 3000000
774000 / 3000000
774500 / 3000000
775000 / 3000000
775500 / 3000000
776000 / 3000000
776500 / 3000000
777000 / 3000000
777500 / 3000000
778000 / 3000000
778500 / 3000000
779000 / 3000000
779500 / 3000000
780000 / 3000000
780500 / 3000000
781000 / 3000000
781500 / 3000000
782000 / 3000000
782500 / 3000000
783000 / 3000000
783500 / 3000000
784000 / 3000000
784500 / 3000000
785000 / 3000000
785500 / 3000000
786000 / 3000000
786500 / 3000000
787000 / 3000000
787500 / 3000000
788000 / 3000000
788500 / 3000000
789000 / 3000000
789500 / 3000000
790000 / 3000000
790500 / 3000000
791000 / 3000000
791500 / 3000000
792000 / 3000000
792500 / 3000000
793000 / 3000000
793500 / 3000000
794000 / 3000000
794500 / 3000000
795000 / 3000000
795500 / 3000000
796000 / 3000000
796500 / 3000000
797000 / 3000000
797500 / 3000000
798000 / 3000000
798500 / 3000000
799000 / 3000000
799500 / 3000000
800000 / 3000000
800500 / 3000000
801000 / 3000000
801500 / 3000000
802000 / 3000000
802500 / 3000000
803000 / 3000000
803500 / 3000000
804000 / 3000000
804500 / 3000000
805000 / 3000000
805500 / 3000000
806000 / 3000000
806500 / 3000000
807000 / 3000000
807500 / 3000000
808000 / 3000000
808500 / 3000000
809000 / 3000000
809500 / 3000000
810000 / 3000000
810500 / 3000000
811000 / 3000000
811500 / 3000000
812000 / 3000000
812500 / 3000000
813000 / 3000000
813500 / 3000000
814000 / 3000000
814500 / 3000000
815000 / 3000000
815500 / 3000000
816000 / 3000000
816500 / 3000000
817000 / 3000000
817500 / 3000000
818000 / 3000000
818500 / 3000000
819000 / 3000000
819500 / 3000000
820000 / 3000000
820500 / 3000000
821000 / 3000000
821500 / 3000000
822000 / 3000000
822500 / 3000000
823000 / 3000000
823500 / 3000000
824000 / 3000000
824500 / 3000000
825000 / 3000000
825500 / 3000000
826000 / 3000000
826500 / 3000000
827000 / 3000000
827500 / 3000000
828000 / 3000000
828500 / 3000000
829000 / 3000000
829500 / 3000000
830000 / 3000000
830500 / 3000000
831000 / 3000000
831500 / 3000000
832000 / 3000000
832500 / 3000000
833000 / 3000000
833500 / 3000000
834000 / 3000000
834500 / 3000000
835000 / 3000000
835500 / 3000000
836000 / 3000000
836500 / 3000000
837000 / 3000000
837500 / 3000000
838000 / 3000000
838500 / 3000000
839000 / 3000000
839500 / 3000000
840000 / 3000000
840500 / 3000000
841000 / 3000000
841500 / 3000000
842000 / 3000000
842500 / 3000000
843000 / 3000000
843500 / 3000000
844000 / 3000000
844500 / 3000000
845000 / 3000000
845500 / 3000000
846000 / 3000000
846500 / 3000000
847000 / 3000000
847500 / 3000000
848000 / 3000000
848500 / 3000000
849000 / 3000000
849500 / 3000000
850000 / 3000000
850500 / 3000000
851000 / 3000000
851500 / 3000000
852000 / 3000000
852500 / 3000000
853000 / 3000000
853500 / 3000000
854000 / 3000000
854500 / 3000000
855000 / 3000000
855500 / 3000000
856000 / 3000000
856500 / 3000000
857000 / 3000000
857500 / 3000000
858000 / 3000000
858500 / 3000000
859000 / 3000000
859500 / 3000000
860000 / 3000000
860500 / 3000000
861000 / 3000000
861500 / 3000000
862000 / 3000000
862500 / 3000000
863000 / 3000000
863500 / 3000000
864000 / 3000000
864500 / 3000000
865000 / 3000000
865500 / 3000000
866000 / 3000000
866500 / 3000000
867000 / 3000000
867500 / 3000000
868000 / 3000000
868500 / 3000000
869000 / 3000000
869500 / 3000000
870000 / 3000000
870500 / 3000000
871000 / 3000000
871500 / 3000000
872000 / 3000000
872500 / 3000000
873000 / 3000000
873500 / 3000000
874000 / 3000000
874500 / 3000000
875000 / 3000000
875500 / 3000000
876000 / 3000000
876500 / 3000000
877000 / 3000000
877500 / 3000000
878000 / 3000000
878500 / 3000000
879000 / 3000000
879500 / 3000000
880000 / 3000000
880500 / 3000000
881000 / 3000000
881500 / 3000000
882000 / 3000000
882500 / 3000000
883000 / 3000000
883500 / 3000000
884000 / 3000000
884500 / 3000000
885000 / 3000000
885500 / 3000000
886000 / 3000000
886500 / 3000000
887000 / 3000000
887500 / 3000000
888000 / 3000000
888500 / 3000000
889000 / 3000000
889500 / 3000000
890000 / 3000000
890500 / 3000000
891000 / 3000000
891500 / 3000000
892000 / 3000000
892500 / 3000000
893000 / 3000000
893500 / 3000000
894000 / 3000000
894500 / 3000000
895000 / 3000000
895500 / 3000000
896000 / 3000000
896500 / 3000000
897000 / 3000000
897500 / 3000000
898000 / 3000000
898500 / 3000000
899000 / 3000000
899500 / 3000000
900000 / 3000000
900500 / 3000000
901000 / 3000000
901500 / 3000000
902000 / 3000000
902500 / 3000000
903000 / 3000000
903500 / 3000000
904000 / 3000000
904500 / 3000000
905000 / 3000000
905500 / 3000000
906000 / 3000000
906500 / 3000000
907000 / 3000000
907500 / 3000000
908000 / 3000000
908500 / 3000000
909000 / 3000000
909500 / 3000000
910000 / 3000000
910500 / 3000000
911000 / 3000000
911500 / 3000000
912000 / 3000000
912500 / 3000000
913000 / 3000000
913500 / 3000000
914000 / 3000000
914500 / 3000000
915000 / 3000000
915500 / 3000000
916000 / 3000000
916500 / 3000000
917000 / 3000000
917500 / 3000000
918000 / 3000000
918500 / 3000000
919000 / 3000000
919500 / 3000000
920000 / 3000000
920500 / 3000000
921000 / 3000000
921500 / 3000000
922000 / 3000000
922500 / 3000000
923000 / 3000000
923500 / 3000000
924000 / 3000000
924500 / 3000000
925000 / 3000000
925500 / 3000000
926000 / 3000000
926500 / 3000000
927000 / 3000000
927500 / 3000000
928000 / 3000000
928500 / 3000000
929000 / 3000000
929500 / 3000000
930000 / 3000000
930500 / 3000000
931000 / 3000000
931500 / 3000000
932000 / 3000000
932500 / 3000000
933000 / 3000000
933500 / 3000000
934000 / 3000000
934500 / 3000000
935000 / 3000000
935500 / 3000000
936000 / 3000000
936500 / 3000000
937000 / 3000000
937500 / 3000000
938000 / 3000000
938500 / 3000000
939000 / 3000000
939500 / 3000000
940000 / 3000000
940500 / 3000000
941000 / 3000000
941500 / 3000000
942000 / 3000000
942500 / 3000000
943000 / 3000000
943500 / 3000000
944000 / 3000000
944500 / 3000000
945000 / 3000000
945500 / 3000000
946000 / 3000000
946500 / 3000000
947000 / 3000000
947500 / 3000000
948000 / 3000000
948500 / 3000000
949000 / 3000000
949500 / 3000000
950000 / 3000000
950500 / 3000000
951000 / 3000000
951500 / 3000000
952000 / 3000000
952500 / 3000000
953000 / 3000000
953500 / 3000000
954000 / 3000000
954500 / 3000000
955000 / 3000000
955500 / 3000000
956000 / 3000000
956500 / 3000000
957000 / 3000000
957500 / 3000000
958000 / 3000000
958500 / 3000000
959000 / 3000000
959500 / 3000000
960000 / 3000000
960500 / 3000000
961000 / 3000000
961500 / 3000000
962000 / 3000000
962500 / 3000000
963000 / 3000000
963500 / 3000000
964000 / 3000000
964500 / 3000000
965000 / 3000000
965500 / 3000000
966000 / 3000000
966500 / 3000000
967000 / 3000000
967500 / 3000000
968000 / 3000000
968500 / 3000000
969000 / 3000000
969500 / 3000000
970000 / 3000000
970500 / 3000000
971000 / 3000000
971500 / 3000000
972000 / 3000000
972500 / 3000000
973000 / 3000000
973500 / 3000000
974000 / 3000000
974500 / 3000000
975000 / 3000000
975500 / 3000000
976000 / 3000000
976500 / 3000000
977000 / 3000000
977500 / 3000000
978000 / 3000000
978500 / 3000000
979000 / 3000000
979500 / 3000000
980000 / 3000000
980500 / 3000000
981000 / 3000000
981500 / 3000000
982000 / 3000000
982500 / 3000000
983000 / 3000000
983500 / 3000000
984000 / 3000000
984500 / 3000000
985000 / 3000000
985500 / 3000000
986000 / 3000000
986500 / 3000000
987000 / 3000000
987500 / 3000000
988000 / 3000000
988500 / 3000000
989000 / 3000000
989500 / 3000000
990000 / 3000000
990500 / 3000000
991000 / 3000000
991500 / 3000000
992000 / 3000000
992500 / 3000000
993000 / 3000000
993500 / 3000000
994000 / 3000000
994500 / 3000000
995000 / 3000000
995500 / 3000000
996000 / 3000000
996500 / 3000000
997000 / 3000000
997500 / 3000000
998000 / 3000000
998500 / 3000000
999000 / 3000000
999500 / 3000000
1000000 / 3000000
1000500 / 3000000
1001000 / 3000000
1001500 / 3000000
1002000 / 3000000
1002500 / 3000000
1003000 / 3000000
1003500 / 3000000
1004000 / 3000000
1004500 / 3000000
1005000 / 3000000
1005500 / 3000000
1006000 / 3000000
1006500 / 3000000
1007000 / 3000000
1007500 / 3000000
1008000 / 3000000
1008500 / 3000000
1009000 / 3000000
1009500 / 3000000
1010000 / 3000000
1010500 / 3000000
1011000 / 3000000
1011500 / 3000000
1012000 / 3000000
1012500 / 3000000
1013000 / 3000000
1013500 / 3000000
1014000 / 3000000
1014500 / 3000000
1015000 / 3000000
1015500 / 3000000
1016000 / 3000000
1016500 / 3000000
1017000 / 3000000
1017500 / 3000000
1018000 / 3000000
1018500 / 3000000
1019000 / 3000000
1019500 / 3000000
1020000 / 3000000
1020500 / 3000000
1021000 / 3000000
1021500 / 3000000
1022000 / 3000000
1022500 / 3000000
1023000 / 3000000
1023500 / 3000000
1024000 / 3000000
1024500 / 3000000
1025000 / 3000000
1025500 / 3000000
1026000 / 3000000
1026500 / 3000000
1027000 / 3000000
1027500 / 3000000
1028000 / 3000000
1028500 / 3000000
1029000 / 3000000
1029500 / 3000000
1030000 / 3000000
1030500 / 3000000
1031000 / 3000000
1031500 / 3000000
1032000 / 3000000
1032500 / 3000000
1033000 / 3000000
1033500 / 3000000
1034000 / 3000000
1034500 / 3000000
1035000 / 3000000
1035500 / 3000000
1036000 / 3000000
1036500 / 3000000
1037000 / 3000000
1037500 / 3000000
1038000 / 3000000
1038500 / 3000000
1039000 / 3000000
1039500 / 3000000
1040000 / 3000000
1040500 / 3000000
1041000 / 3000000
1041500 / 3000000
1042000 / 3000000
1042500 / 3000000
1043000 / 3000000
1043500 / 3000000
1044000 / 3000000
1044500 / 3000000
1045000 / 3000000
1045500 / 3000000
1046000 / 3000000
1046500 / 3000000
1047000 / 3000000
1047500 / 3000000
1048000 / 3000000
1048500 / 3000000
1049000 / 3000000
1049500 / 3000000
1050000 / 3000000
1050500 / 3000000
1051000 / 3000000
1051500 / 3000000
1052000 / 3000000
1052500 / 3000000
1053000 / 3000000
1053500 / 3000000
1054000 / 3000000
1054500 / 3000000
1055000 / 3000000
1055500 / 3000000
1056000 / 3000000
1056500 / 3000000
1057000 / 3000000
1057500 / 3000000
1058000 / 3000000
1058500 / 3000000
1059000 / 3000000
1059500 / 3000000
1060000 / 3000000
1060500 / 3000000
1061000 / 3000000
1061500 / 3000000
1062000 / 3000000
1062500 / 3000000
1063000 / 3000000
1063500 / 3000000
1064000 / 3000000
1064500 / 3000000
1065000 / 3000000
1065500 / 3000000
1066000 / 3000000
1066500 / 3000000
1067000 / 3000000
1067500 / 3000000
1068000 / 3000000
1068500 / 3000000
1069000 / 3000000
1069500 / 3000000
1070000 / 3000000
1070500 / 3000000
1071000 / 3000000
1071500 / 3000000
1072000 / 3000000
1072500 / 3000000
1073000 / 3000000
1073500 / 3000000
1074000 / 3000000
1074500 / 3000000
1075000 / 3000000
1075500 / 3000000
1076000 / 3000000
1076500 / 3000000
1077000 / 3000000
1077500 / 3000000
1078000 / 3000000
1078500 / 3000000
1079000 / 3000000
1079500 / 3000000
1080000 / 3000000
1080500 / 3000000
1081000 / 3000000
1081500 / 3000000
1082000 / 3000000
1082500 / 3000000
1083000 / 3000000
1083500 / 3000000
1084000 / 3000000
1084500 / 3000000
1085000 / 3000000
1085500 / 3000000
1086000 / 3000000
1086500 / 3000000
1087000 / 3000000
1087500 / 3000000
1088000 / 3000000
1088500 / 3000000
1089000 / 3000000
1089500 / 3000000
1090000 / 3000000
1090500 / 3000000
1091000 / 3000000
1091500 / 3000000
1092000 / 3000000
1092500 / 3000000
1093000 / 3000000
1093500 / 3000000
1094000 / 3000000
1094500 / 3000000
1095000 / 3000000
1095500 / 3000000
1096000 / 3000000
1096500 / 3000000
1097000 / 3000000
1097500 / 3000000
1098000 / 3000000
1098500 / 3000000
1099000 / 3000000
1099500 / 3000000
1100000 / 3000000
1100500 / 3000000
1101000 / 3000000
1101500 / 3000000
1102000 / 3000000
1102500 / 3000000
1103000 / 3000000
1103500 / 3000000
1104000 / 3000000
1104500 / 3000000
1105000 / 3000000
1105500 / 3000000
1106000 / 3000000
1106500 / 3000000
1107000 / 3000000
1107500 / 3000000
1108000 / 3000000
1108500 / 3000000
1109000 / 3000000
1109500 / 3000000
1110000 / 3000000
1110500 / 3000000
1111000 / 3000000
1111500 / 3000000
1112000 / 3000000
1112500 / 3000000
1113000 / 3000000
1113500 / 3000000
1114000 / 3000000
1114500 / 3000000
1115000 / 3000000
1115500 / 3000000
1116000 / 3000000
1116500 / 3000000
1117000 / 3000000
1117500 / 3000000
1118000 / 3000000
1118500 / 3000000
1119000 / 3000000
1119500 / 3000000
1120000 / 3000000
1120500 / 3000000
1121000 / 3000000
1121500 / 3000000
1122000 / 3000000
1122500 / 3000000
1123000 / 3000000
1123500 / 3000000
1124000 / 3000000
1124500 / 3000000
1125000 / 3000000
1125500 / 3000000
1126000 / 3000000
1126500 / 3000000
1127000 / 3000000
1127500 / 3000000
1128000 / 3000000
1128500 / 3000000
1129000 / 3000000
1129500 / 3000000
1130000 / 3000000
1130500 / 3000000
1131000 / 3000000
1131500 / 3000000
1132000 / 3000000
1132500 / 3000000
1133000 / 3000000
1133500 / 3000000
1134000 / 3000000
1134500 / 3000000
1135000 / 3000000
1135500 / 3000000
1136000 / 3000000
1136500 / 3000000
1137000 / 3000000
1137500 / 3000000
1138000 / 3000000
1138500 / 3000000
1139000 / 3000000
1139500 / 3000000
1140000 / 3000000
1140500 / 3000000
1141000 / 3000000
1141500 / 3000000
1142000 / 3000000
1142500 / 3000000
1143000 / 3000000
1143500 / 3000000
1144000 / 3000000
1144500 / 3000000
1145000 / 3000000
1145500 / 3000000
1146000 / 3000000
1146500 / 3000000
1147000 / 3000000
1147500 / 3000000
1148000 / 3000000
1148500 / 3000000
1149000 / 3000000
1149500 / 3000000
1150000 / 3000000
1150500 / 3000000
1151000 / 3000000
1151500 / 3000000
1152000 / 3000000
1152500 / 3000000
1153000 / 3000000
1153500 / 3000000
1154000 / 3000000
1154500 / 3000000
1155000 / 3000000
1155500 / 3000000
1156000 / 3000000
1156500 / 3000000
1157000 / 3000000
1157500 / 3000000
1158000 / 3000000
1158500 / 3000000
1159000 / 3000000
1159500 / 3000000
1160000 / 3000000
1160500 / 3000000
1161000 / 3000000
1161500 / 3000000
1162000 / 3000000
1162500 / 3000000
1163000 / 3000000
1163500 / 3000000
1164000 / 3000000
1164500 / 3000000
1165000 / 3000000
1165500 / 3000000
1166000 / 3000000
1166500 / 3000000
1167000 / 3000000
1167500 / 3000000
1168000 / 3000000
1168500 / 3000000
1169000 / 3000000
1169500 / 3000000
1170000 / 3000000
1170500 / 3000000
1171000 / 3000000
1171500 / 3000000
1172000 / 3000000
1172500 / 3000000
1173000 / 3000000
1173500 / 3000000
1174000 / 3000000
1174500 / 3000000
1175000 / 3000000
1175500 / 3000000
1176000 / 3000000
1176500 / 3000000
1177000 / 3000000
1177500 / 3000000
1178000 / 3000000
1178500 / 3000000
1179000 / 3000000
1179500 / 3000000
1180000 / 3000000
1180500 / 3000000
1181000 / 3000000
1181500 / 3000000
1182000 / 3000000
1182500 / 3000000
1183000 / 3000000
1183500 / 3000000
1184000 / 3000000
1184500 / 3000000
1185000 / 3000000
1185500 / 3000000
1186000 / 3000000
1186500 / 3000000
1187000 / 3000000
1187500 / 3000000
1188000 / 3000000
1188500 / 3000000
1189000 / 3000000
1189500 / 3000000
1190000 / 3000000
1190500 / 3000000
1191000 / 3000000
1191500 / 3000000
1192000 / 3000000
1192500 / 3000000
1193000 / 3000000
1193500 / 3000000
1194000 / 3000000
1194500 / 3000000
1195000 / 3000000
1195500 / 3000000
1196000 / 3000000
1196500 / 3000000
1197000 / 3000000
1197500 / 3000000
1198000 / 3000000
1198500 / 3000000
1199000 / 3000000
1199500 / 3000000
1200000 / 3000000
1200500 / 3000000
1201000 / 3000000
1201500 / 3000000
1202000 / 3000000
1202500 / 3000000
1203000 / 3000000
1203500 / 3000000
1204000 / 3000000
1204500 / 3000000
1205000 / 3000000
1205500 / 3000000
1206000 / 3000000
1206500 / 3000000
1207000 / 3000000
1207500 / 3000000
1208000 / 3000000
1208500 / 3000000
1209000 / 3000000
1209500 / 3000000
1210000 / 3000000
1210500 / 3000000
1211000 / 3000000
1211500 / 3000000
1212000 / 3000000
1212500 / 3000000
1213000 / 3000000
1213500 / 3000000
1214000 / 3000000
1214500 / 3000000
1215000 / 3000000
1215500 / 3000000
1216000 / 3000000
1216500 / 3000000
1217000 / 3000000
1217500 / 3000000
1218000 / 3000000
1218500 / 3000000
1219000 / 3000000
1219500 / 3000000
1220000 / 3000000
1220500 / 3000000
1221000 / 3000000
1221500 / 3000000
1222000 / 3000000
1222500 / 3000000
1223000 / 3000000
1223500 / 3000000
1224000 / 3000000
1224500 / 3000000
1225000 / 3000000
1225500 / 3000000
1226000 / 3000000
1226500 / 3000000
1227000 / 3000000
1227500 / 3000000
1228000 / 3000000
1228500 / 3000000
1229000 / 3000000
1229500 / 3000000
1230000 / 3000000
1230500 / 3000000
1231000 / 3000000
1231500 / 3000000
1232000 / 3000000
1232500 / 3000000
1233000 / 3000000
1233500 / 3000000
1234000 / 3000000
1234500 / 3000000
1235000 / 3000000
1235500 / 3000000
1236000 / 3000000
1236500 / 3000000
1237000 / 3000000
1237500 / 3000000
1238000 / 3000000
1238500 / 3000000
1239000 / 3000000
1239500 / 3000000
1240000 / 3000000
1240500 / 3000000
1241000 / 3000000
1241500 / 3000000
1242000 / 3000000
1242500 / 3000000
1243000 / 3000000
1243500 / 3000000
1244000 / 3000000
1244500 / 3000000
1245000 / 3000000
1245500 / 3000000
1246000 / 3000000
1246500 / 3000000
1247000 / 3000000
1247500 / 3000000
1248000 / 3000000
1248500 / 3000000
1249000 / 3000000
1249500 / 3000000
1250000 / 3000000
1250500 / 3000000
1251000 / 3000000
1251500 / 3000000
1252000 / 3000000
1252500 / 3000000
1253000 / 3000000
1253500 / 3000000
1254000 / 3000000
1254500 / 3000000
1255000 / 3000000
1255500 / 3000000
1256000 / 3000000
1256500 / 3000000
1257000 / 3000000
1257500 / 3000000
1258000 / 3000000
1258500 / 3000000
1259000 / 3000000
1259500 / 3000000
1260000 / 3000000
1260500 / 3000000
1261000 / 3000000
1261500 / 3000000
1262000 / 3000000
1262500 / 3000000
1263000 / 3000000
1263500 / 3000000
1264000 / 3000000
1264500 / 3000000
1265000 / 3000000
1265500 / 3000000
1266000 / 3000000
1266500 / 3000000
1267000 / 3000000
1267500 / 3000000
1268000 / 3000000
1268500 / 3000000
1269000 / 3000000
1269500 / 3000000
1270000 / 3000000
1270500 / 3000000
1271000 / 3000000
1271500 / 3000000
1272000 / 3000000
1272500 / 3000000
1273000 / 3000000
1273500 / 3000000
1274000 / 3000000
1274500 / 3000000
1275000 / 3000000
1275500 / 3000000
1276000 / 3000000
1276500 / 3000000
1277000 / 3000000
1277500 / 3000000
1278000 / 3000000
1278500 / 3000000
1279000 / 3000000
1279500 / 3000000
1280000 / 3000000
1280500 / 3000000
1281000 / 3000000
1281500 / 3000000
1282000 / 3000000
1282500 / 3000000
1283000 / 3000000
1283500 / 3000000
1284000 / 3000000
1284500 / 3000000
1285000 / 3000000
1285500 / 3000000
1286000 / 3000000
1286500 / 3000000
1287000 / 3000000
1287500 / 3000000
1288000 / 3000000
1288500 / 3000000
1289000 / 3000000
1289500 / 3000000
1290000 / 3000000
1290500 / 3000000
1291000 / 3000000
1291500 / 3000000
1292000 / 3000000
1292500 / 3000000
1293000 / 3000000
1293500 / 3000000
1294000 / 3000000
1294500 / 3000000
1295000 / 3000000
1295500 / 3000000
1296000 / 3000000
1296500 / 3000000
1297000 / 3000000
1297500 / 3000000
1298000 / 3000000
1298500 / 3000000
1299000 / 3000000
1299500 / 3000000
1300000 / 3000000
1300500 / 3000000
1301000 / 3000000
1301500 / 3000000
1302000 / 3000000
1302500 / 3000000
1303000 / 3000000
1303500 / 3000000
1304000 / 3000000
1304500 / 3000000
1305000 / 3000000
1305500 / 3000000
1306000 / 3000000
1306500 / 3000000
1307000 / 3000000
1307500 / 3000000
1308000 / 3000000
1308500 / 3000000
1309000 / 3000000
1309500 / 3000000
1310000 / 3000000
1310500 / 3000000
1311000 / 3000000
1311500 / 3000000
1312000 / 3000000
1312500 / 3000000
1313000 / 3000000
1313500 / 3000000
1314000 / 3000000
1314500 / 3000000
1315000 / 3000000
1315500 / 3000000
1316000 / 3000000
1316500 / 3000000
1317000 / 3000000
1317500 / 3000000
1318000 / 3000000
1318500 / 3000000
1319000 / 3000000
1319500 / 3000000
1320000 / 3000000
1320500 / 3000000
1321000 / 3000000
1321500 / 3000000
1322000 / 3000000
1322500 / 3000000
1323000 / 3000000
1323500 / 3000000
1324000 / 3000000
1324500 / 3000000
1325000 / 3000000
1325500 / 3000000
1326000 / 3000000
1326500 / 3000000
1327000 / 3000000
1327500 / 3000000
1328000 / 3000000
1328500 / 3000000
1329000 / 3000000
1329500 / 3000000
1330000 / 3000000
1330500 / 3000000
1331000 / 3000000
1331500 / 3000000
1332000 / 3000000
1332500 / 3000000
1333000 / 3000000
1333500 / 3000000
1334000 / 3000000
1334500 / 3000000
1335000 / 3000000
1335500 / 3000000
1336000 / 3000000
1336500 / 3000000
1337000 / 3000000
1337500 / 3000000
1338000 / 3000000
1338500 / 3000000
1339000 / 3000000
1339500 / 3000000
1340000 / 3000000
1340500 / 3000000
1341000 / 3000000
1341500 / 3000000
1342000 / 3000000
1342500 / 3000000
1343000 / 3000000
1343500 / 3000000
1344000 / 3000000
1344500 / 3000000
1345000 / 3000000
1345500 / 3000000
1346000 / 3000000
1346500 / 3000000
1347000 / 3000000
1347500 / 3000000
1348000 / 3000000
1348500 / 3000000
1349000 / 3000000
1349500 / 3000000
1350000 / 3000000
1350500 / 3000000
1351000 / 3000000
1351500 / 3000000
1352000 / 3000000
1352500 / 3000000
1353000 / 3000000
1353500 / 3000000
1354000 / 3000000
1354500 / 3000000
1355000 / 3000000
1355500 / 3000000
1356000 / 3000000
1356500 / 3000000
1357000 / 3000000
1357500 / 3000000
1358000 / 3000000
1358500 / 3000000
1359000 / 3000000
1359500 / 3000000
1360000 / 3000000
1360500 / 3000000
1361000 / 3000000
1361500 / 3000000
1362000 / 3000000
1362500 / 3000000
1363000 / 3000000
1363500 / 3000000
1364000 / 3000000
1364500 / 3000000
1365000 / 3000000
1365500 / 3000000
1366000 / 3000000
1366500 / 3000000
1367000 / 3000000
1367500 / 3000000
1368000 / 3000000
1368500 / 3000000
1369000 / 3000000
1369500 / 3000000
1370000 / 3000000
1370500 / 3000000
1371000 / 3000000
1371500 / 3000000
1372000 / 3000000
1372500 / 3000000
1373000 / 3000000
1373500 / 3000000
1374000 / 3000000
1374500 / 3000000
1375000 / 3000000
1375500 / 3000000
1376000 / 3000000
1376500 / 3000000
1377000 / 3000000
1377500 / 3000000
1378000 / 3000000
1378500 / 3000000
1379000 / 3000000
1379500 / 3000000
1380000 / 3000000
1380500 / 3000000
1381000 / 3000000
1381500 / 3000000
1382000 / 3000000
1382500 / 3000000
1383000 / 3000000
1383500 / 3000000
1384000 / 3000000
1384500 / 3000000
1385000 / 3000000
1385500 / 3000000
1386000 / 3000000
1386500 / 3000000
1387000 / 3000000
1387500 / 3000000
1388000 / 3000000
1388500 / 3000000
1389000 / 3000000
1389500 / 3000000
1390000 / 3000000
1390500 / 3000000
1391000 / 3000000
1391500 / 3000000
1392000 / 3000000
1392500 / 3000000
1393000 / 3000000
1393500 / 3000000
1394000 / 3000000
1394500 / 3000000
1395000 / 3000000
1395500 / 3000000
1396000 / 3000000
1396500 / 3000000
1397000 / 3000000
1397500 / 3000000
1398000 / 3000000
1398500 / 3000000
1399000 / 3000000
1399500 / 3000000
1400000 / 3000000
1400500 / 3000000
1401000 / 3000000
1401500 / 3000000
1402000 / 3000000
1402500 / 3000000
1403000 / 3000000
1403500 / 3000000
1404000 / 3000000
1404500 / 3000000
1405000 / 3000000
1405500 / 3000000
1406000 / 3000000
1406500 / 3000000
1407000 / 3000000
1407500 / 3000000
1408000 / 3000000
1408500 / 3000000
1409000 / 3000000
1409500 / 3000000
1410000 / 3000000
1410500 / 3000000
1411000 / 3000000
1411500 / 3000000
1412000 / 3000000
1412500 / 3000000
1413000 / 3000000
1413500 / 3000000
1414000 / 3000000
1414500 / 3000000
1415000 / 3000000
1415500 / 3000000
1416000 / 3000000
1416500 / 3000000
1417000 / 3000000
1417500 / 3000000
1418000 / 3000000
1418500 / 3000000
1419000 / 3000000
1419500 / 3000000
1420000 / 3000000
1420500 / 3000000
1421000 / 3000000
1421500 / 3000000
1422000 / 3000000
1422500 / 3000000
1423000 / 3000000
1423500 / 3000000
1424000 / 3000000
1424500 / 3000000
1425000 / 3000000
1425500 / 3000000
1426000 / 3000000
1426500 / 3000000
1427000 / 3000000
1427500 / 3000000
1428000 / 3000000
1428500 / 3000000
1429000 / 3000000
1429500 / 3000000
1430000 / 3000000
1430500 / 3000000
1431000 / 3000000
1431500 / 3000000
1432000 / 3000000
1432500 / 3000000
1433000 / 3000000
1433500 / 3000000
1434000 / 3000000
1434500 / 3000000
1435000 / 3000000
1435500 / 3000000
1436000 / 3000000
1436500 / 3000000
1437000 / 3000000
1437500 / 3000000
1438000 / 3000000
1438500 / 3000000
1439000 / 3000000
1439500 / 3000000
1440000 / 3000000
1440500 / 3000000
1441000 / 3000000
1441500 / 3000000
1442000 / 3000000
1442500 / 3000000
1443000 / 3000000
1443500 / 3000000
1444000 / 3000000
1444500 / 3000000
1445000 / 3000000
1445500 / 3000000
1446000 / 3000000
1446500 / 3000000
1447000 / 3000000
1447500 / 3000000
1448000 / 3000000
1448500 / 3000000
1449000 / 3000000
1449500 / 3000000
1450000 / 3000000
1450500 / 3000000
1451000 / 3000000
1451500 / 3000000
1452000 / 3000000
1452500 / 3000000
1453000 / 3000000
1453500 / 3000000
1454000 / 3000000
1454500 / 3000000
1455000 / 3000000
1455500 / 3000000
1456000 / 3000000
1456500 / 3000000
1457000 / 3000000
1457500 / 3000000
1458000 / 3000000
1458500 / 3000000
1459000 / 3000000
1459500 / 3000000
1460000 / 3000000
1460500 / 3000000
1461000 / 3000000
1461500 / 3000000
1462000 / 3000000
1462500 / 3000000
1463000 / 3000000
1463500 / 3000000
1464000 / 3000000
1464500 / 3000000
1465000 / 3000000
1465500 / 3000000
1466000 / 3000000
1466500 / 3000000
1467000 / 3000000
1467500 / 3000000
1468000 / 3000000
1468500 / 3000000
1469000 / 3000000
1469500 / 3000000
1470000 / 3000000
1470500 / 3000000
1471000 / 3000000
1471500 / 3000000
1472000 / 3000000
1472500 / 3000000
1473000 / 3000000
1473500 / 3000000
1474000 / 3000000
1474500 / 3000000
1475000 / 3000000
1475500 / 3000000
1476000 / 3000000
1476500 / 3000000
1477000 / 3000000
1477500 / 3000000
1478000 / 3000000
1478500 / 3000000
1479000 / 3000000
1479500 / 3000000
1480000 / 3000000
1480500 / 3000000
1481000 / 3000000
1481500 / 3000000
1482000 / 3000000
1482500 / 3000000
1483000 / 3000000
1483500 / 3000000
1484000 / 3000000
1484500 / 3000000
1485000 / 3000000
1485500 / 3000000
1486000 / 3000000
1486500 / 3000000
1487000 / 3000000
1487500 / 3000000
1488000 / 3000000
1488500 / 3000000
1489000 / 3000000
1489500 / 3000000
1490000 / 3000000
1490500 / 3000000
1491000 / 3000000
1491500 / 3000000
1492000 / 3000000
1492500 / 3000000
1493000 / 3000000
1493500 / 3000000
1494000 / 3000000
1494500 / 3000000
1495000 / 3000000
1495500 / 3000000
1496000 / 3000000
1496500 / 3000000
1497000 / 3000000
1497500 / 3000000
1498000 / 3000000
1498500 / 3000000
1499000 / 3000000
1499500 / 3000000
1500000 / 3000000
1500500 / 3000000
1501000 / 3000000
1501500 / 3000000
1502000 / 3000000
1502500 / 3000000
1503000 / 3000000
1503500 / 3000000
1504000 / 3000000
1504500 / 3000000
1505000 / 3000000
1505500 / 3000000
1506000 / 3000000
1506500 / 3000000
1507000 / 3000000
1507500 / 3000000
1508000 / 3000000
1508500 / 3000000
1509000 / 3000000
1509500 / 3000000
1510000 / 3000000
1510500 / 3000000
1511000 / 3000000
1511500 / 3000000
1512000 / 3000000
1512500 / 3000000
1513000 / 3000000
1513500 / 3000000
1514000 / 3000000
1514500 / 3000000
1515000 / 3000000
1515500 / 3000000
1516000 / 3000000
1516500 / 3000000
1517000 / 3000000
1517500 / 3000000
1518000 / 3000000
1518500 / 3000000
1519000 / 3000000
1519500 / 3000000
1520000 / 3000000
1520500 / 3000000
1521000 / 3000000
1521500 / 3000000
1522000 / 3000000
1522500 / 3000000
1523000 / 3000000
1523500 / 3000000
1524000 / 3000000
1524500 / 3000000
1525000 / 3000000
1525500 / 3000000
1526000 / 3000000
1526500 / 3000000
1527000 / 3000000
1527500 / 3000000
1528000 / 3000000
1528500 / 3000000
1529000 / 3000000
1529500 / 3000000
1530000 / 3000000
1530500 / 3000000
1531000 / 3000000
1531500 / 3000000
1532000 / 3000000
1532500 / 3000000
1533000 / 3000000
1533500 / 3000000
1534000 / 3000000
1534500 / 3000000
1535000 / 3000000
1535500 / 3000000
1536000 / 3000000
1536500 / 3000000
1537000 / 3000000
1537500 / 3000000
1538000 / 3000000
1538500 / 3000000
1539000 / 3000000
1539500 / 3000000
1540000 / 3000000
1540500 / 3000000
1541000 / 3000000
1541500 / 3000000
1542000 / 3000000
1542500 / 3000000
1543000 / 3000000
1543500 / 3000000
1544000 / 3000000
1544500 / 3000000
1545000 / 3000000
1545500 / 3000000
1546000 / 3000000
1546500 / 3000000
1547000 / 3000000
1547500 / 3000000
1548000 / 3000000
1548500 / 3000000
1549000 / 3000000
1549500 / 3000000
1550000 / 3000000
1550500 / 3000000
1551000 / 3000000
1551500 / 3000000
1552000 / 3000000
1552500 / 3000000
1553000 / 3000000
1553500 / 3000000
1554000 / 3000000
1554500 / 3000000
1555000 / 3000000
1555500 / 3000000
1556000 / 3000000
1556500 / 3000000
1557000 / 3000000
1557500 / 3000000
1558000 / 3000000
1558500 / 3000000
1559000 / 3000000
1559500 / 3000000
1560000 / 3000000
1560500 / 3000000
1561000 / 3000000
1561500 / 3000000
1562000 / 3000000
1562500 / 3000000
1563000 / 3000000
1563500 / 3000000
1564000 / 3000000
1564500 / 3000000
1565000 / 3000000
1565500 / 3000000
1566000 / 3000000
1566500 / 3000000
1567000 / 3000000
1567500 / 3000000
1568000 / 3000000
1568500 / 3000000
1569000 / 3000000
1569500 / 3000000
1570000 / 3000000
1570500 / 3000000
1571000 / 3000000
1571500 / 3000000
1572000 / 3000000
1572500 / 3000000
1573000 / 3000000
1573500 / 3000000
1574000 / 3000000
1574500 / 3000000
1575000 / 3000000
1575500 / 3000000
1576000 / 3000000
1576500 / 3000000
1577000 / 3000000
1577500 / 3000000
1578000 / 3000000
1578500 / 3000000
1579000 / 3000000
1579500 / 3000000
1580000 / 3000000
1580500 / 3000000
1581000 / 3000000
1581500 / 3000000
1582000 / 3000000
1582500 / 3000000
1583000 / 3000000
1583500 / 3000000
1584000 / 3000000
1584500 / 3000000
1585000 / 3000000
1585500 / 3000000
1586000 / 3000000
1586500 / 3000000
1587000 / 3000000
1587500 / 3000000
1588000 / 3000000
1588500 / 3000000
1589000 / 3000000
1589500 / 3000000
1590000 / 3000000
1590500 / 3000000
1591000 / 3000000
1591500 / 3000000
1592000 / 3000000
1592500 / 3000000
1593000 / 3000000
1593500 / 3000000
1594000 / 3000000
1594500 / 3000000
1595000 / 3000000
1595500 / 3000000
1596000 / 3000000
1596500 / 3000000
1597000 / 3000000
1597500 / 3000000
1598000 / 3000000
1598500 / 3000000
1599000 / 3000000
1599500 / 3000000
1600000 / 3000000
1600500 / 3000000
1601000 / 3000000
1601500 / 3000000
1602000 / 3000000
1602500 / 3000000
1603000 / 3000000
1603500 / 3000000
1604000 / 3000000
1604500 / 3000000
1605000 / 3000000
1605500 / 3000000
1606000 / 3000000
1606500 / 3000000
1607000 / 3000000
1607500 / 3000000
1608000 / 3000000
1608500 / 3000000
1609000 / 3000000
1609500 / 3000000
1610000 / 3000000
1610500 / 3000000
1611000 / 3000000
1611500 / 3000000
1612000 / 3000000
1612500 / 3000000
1613000 / 3000000
1613500 / 3000000
1614000 / 3000000
1614500 / 3000000
1615000 / 3000000
1615500 / 3000000
1616000 / 3000000
1616500 / 3000000
1617000 / 3000000
1617500 / 3000000
1618000 / 3000000
1618500 / 3000000
1619000 / 3000000
1619500 / 3000000
1620000 / 3000000
1620500 / 3000000
1621000 / 3000000
1621500 / 3000000
1622000 / 3000000
1622500 / 3000000
1623000 / 3000000
1623500 / 3000000
1624000 / 3000000
1624500 / 3000000
1625000 / 3000000
1625500 / 3000000
1626000 / 3000000
1626500 / 3000000
1627000 / 3000000
1627500 / 3000000
1628000 / 3000000
1628500 / 3000000
1629000 / 3000000
1629500 / 3000000
1630000 / 3000000
1630500 / 3000000
1631000 / 3000000
1631500 / 3000000
1632000 / 3000000
1632500 / 3000000
1633000 / 3000000
1633500 / 3000000
1634000 / 3000000
1634500 / 3000000
1635000 / 3000000
1635500 / 3000000
1636000 / 3000000
1636500 / 3000000
1637000 / 3000000
1637500 / 3000000
1638000 / 3000000
1638500 / 3000000
1639000 / 3000000
1639500 / 3000000
1640000 / 3000000
1640500 / 3000000
1641000 / 3000000
1641500 / 3000000
1642000 / 3000000
1642500 / 3000000
1643000 / 3000000
1643500 / 3000000
1644000 / 3000000
1644500 / 3000000
1645000 / 3000000
1645500 / 3000000
1646000 / 3000000
1646500 / 3000000
1647000 / 3000000
1647500 / 3000000
1648000 / 3000000
1648500 / 3000000
1649000 / 3000000
1649500 / 3000000
1650000 / 3000000
1650500 / 3000000
1651000 / 3000000
1651500 / 3000000
1652000 / 3000000
1652500 / 3000000
1653000 / 3000000
1653500 / 3000000
1654000 / 3000000
1654500 / 3000000
1655000 / 3000000
1655500 / 3000000
1656000 / 3000000
1656500 / 3000000
1657000 / 3000000
1657500 / 3000000
1658000 / 3000000
1658500 / 3000000
1659000 / 3000000
1659500 / 3000000
1660000 / 3000000
1660500 / 3000000
1661000 / 3000000
1661500 / 3000000
1662000 / 3000000
1662500 / 3000000
1663000 / 3000000
1663500 / 3000000
1664000 / 3000000
1664500 / 3000000
1665000 / 3000000
1665500 / 3000000
1666000 / 3000000
1666500 / 3000000
1667000 / 3000000
1667500 / 3000000
1668000 / 3000000
1668500 / 3000000
1669000 / 3000000
1669500 / 3000000
1670000 / 3000000
1670500 / 3000000
1671000 / 3000000
1671500 / 3000000
1672000 / 3000000
1672500 / 3000000
1673000 / 3000000
1673500 / 3000000
1674000 / 3000000
1674500 / 3000000
1675000 / 3000000
1675500 / 3000000
1676000 / 3000000
1676500 / 3000000
1677000 / 3000000
1677500 / 3000000
1678000 / 3000000
1678500 / 3000000
1679000 / 3000000
1679500 / 3000000
1680000 / 3000000
1680500 / 3000000
1681000 / 3000000
1681500 / 3000000
1682000 / 3000000
1682500 / 3000000
1683000 / 3000000
1683500 / 3000000
1684000 / 3000000
1684500 / 3000000
1685000 / 3000000
1685500 / 3000000
1686000 / 3000000
1686500 / 3000000
1687000 / 3000000
1687500 / 3000000
1688000 / 3000000
1688500 / 3000000
1689000 / 3000000
1689500 / 3000000
1690000 / 3000000
1690500 / 3000000
1691000 / 3000000
1691500 / 3000000
1692000 / 3000000
1692500 / 3000000
1693000 / 3000000
1693500 / 3000000
1694000 / 3000000
1694500 / 3000000
1695000 / 3000000
1695500 / 3000000
1696000 / 3000000
1696500 / 3000000
1697000 / 3000000
1697500 / 3000000
1698000 / 3000000
1698500 / 3000000
1699000 / 3000000
1699500 / 3000000
1700000 / 3000000
1700500 / 3000000
1701000 / 3000000
1701500 / 3000000
1702000 / 3000000
1702500 / 3000000
1703000 / 3000000
1703500 / 3000000
1704000 / 3000000
1704500 / 3000000
1705000 / 3000000
1705500 / 3000000
1706000 / 3000000
1706500 / 3000000
1707000 / 3000000
1707500 / 3000000
1708000 / 3000000
1708500 / 3000000
1709000 / 3000000
1709500 / 3000000
1710000 / 3000000
1710500 / 3000000
1711000 / 3000000
1711500 / 3000000
1712000 / 3000000
1712500 / 3000000
1713000 / 3000000
1713500 / 3000000
1714000 / 3000000
1714500 / 3000000
1715000 / 3000000
1715500 / 3000000
1716000 / 3000000
1716500 / 3000000
1717000 / 3000000
1717500 / 3000000
1718000 / 3000000
1718500 / 3000000
1719000 / 3000000
1719500 / 3000000
1720000 / 3000000
1720500 / 3000000
1721000 / 3000000
1721500 / 3000000
1722000 / 3000000
1722500 / 3000000
1723000 / 3000000
1723500 / 3000000
1724000 / 3000000
1724500 / 3000000
1725000 / 3000000
1725500 / 3000000
1726000 / 3000000
1726500 / 3000000
1727000 / 3000000
1727500 / 3000000
1728000 / 3000000
1728500 / 3000000
1729000 / 3000000
1729500 / 3000000
1730000 / 3000000
1730500 / 3000000
1731000 / 3000000
1731500 / 3000000
1732000 / 3000000
1732500 / 3000000
1733000 / 3000000
1733500 / 3000000
1734000 / 3000000
1734500 / 3000000
1735000 / 3000000
1735500 / 3000000
1736000 / 3000000
1736500 / 3000000
1737000 / 3000000
1737500 / 3000000
1738000 / 3000000
1738500 / 3000000
1739000 / 3000000
1739500 / 3000000
1740000 / 3000000
1740500 / 3000000
1741000 / 3000000
1741500 / 3000000
1742000 / 3000000
1742500 / 3000000
1743000 / 3000000
1743500 / 3000000
1744000 / 3000000
1744500 / 3000000
1745000 / 3000000
1745500 / 3000000
1746000 / 3000000
1746500 / 3000000
1747000 / 3000000
1747500 / 3000000
1748000 / 3000000
1748500 / 3000000
1749000 / 3000000
1749500 / 3000000
1750000 / 3000000
1750500 / 3000000
1751000 / 3000000
1751500 / 3000000
1752000 / 3000000
1752500 / 3000000
1753000 / 3000000
1753500 / 3000000
1754000 / 3000000
1754500 / 3000000
1755000 / 3000000
1755500 / 3000000
1756000 / 3000000
1756500 / 3000000
1757000 / 3000000
1757500 / 3000000
1758000 / 3000000
1758500 / 3000000
1759000 / 3000000
1759500 / 3000000
1760000 / 3000000
1760500 / 3000000
1761000 / 3000000
1761500 / 3000000
1762000 / 3000000
1762500 / 3000000
1763000 / 3000000
1763500 / 3000000
1764000 / 3000000
1764500 / 3000000
1765000 / 3000000
1765500 / 3000000
1766000 / 3000000
1766500 / 3000000
1767000 / 3000000
1767500 / 3000000
1768000 / 3000000
1768500 / 3000000
1769000 / 3000000
1769500 / 3000000
1770000 / 3000000
1770500 / 3000000
1771000 / 3000000
1771500 / 3000000
1772000 / 3000000
1772500 / 3000000
1773000 / 3000000
1773500 / 3000000
1774000 / 3000000
1774500 / 3000000
1775000 / 3000000
1775500 / 3000000
1776000 / 3000000
1776500 / 3000000
1777000 / 3000000
1777500 / 3000000
1778000 / 3000000
1778500 / 3000000
1779000 / 3000000
1779500 / 3000000
1780000 / 3000000
1780500 / 3000000
1781000 / 3000000
1781500 / 3000000
1782000 / 3000000
1782500 / 3000000
1783000 / 3000000
1783500 / 3000000
1784000 / 3000000
1784500 / 3000000
1785000 / 3000000
1785500 / 3000000
1786000 / 3000000
1786500 / 3000000
1787000 / 3000000
1787500 / 3000000
1788000 / 3000000
1788500 / 3000000
1789000 / 3000000
1789500 / 3000000
1790000 / 3000000
1790500 / 3000000
1791000 / 3000000
1791500 / 3000000
1792000 / 3000000
1792500 / 3000000
1793000 / 3000000
1793500 / 3000000
1794000 / 3000000
1794500 / 3000000
1795000 / 3000000
1795500 / 3000000
1796000 / 3000000
1796500 / 3000000
1797000 / 3000000
1797500 / 3000000
1798000 / 3000000
1798500 / 3000000
1799000 / 3000000
1799500 / 3000000
1800000 / 3000000
1800500 / 3000000
1801000 / 3000000
1801500 / 3000000
1802000 / 3000000
1802500 / 3000000
1803000 / 3000000
1803500 / 3000000
1804000 / 3000000
1804500 / 3000000
1805000 / 3000000
1805500 / 3000000
1806000 / 3000000
1806500 / 3000000
1807000 / 3000000
1807500 / 3000000
1808000 / 3000000
1808500 / 3000000
1809000 / 3000000
1809500 / 3000000
1810000 / 3000000
1810500 / 3000000
1811000 / 3000000
1811500 / 3000000
1812000 / 3000000
1812500 / 3000000
1813000 / 3000000
1813500 / 3000000
1814000 / 3000000
1814500 / 3000000
1815000 / 3000000
1815500 / 3000000
1816000 / 3000000
1816500 / 3000000
1817000 / 3000000
1817500 / 3000000
1818000 / 3000000
1818500 / 3000000
1819000 / 3000000
1819500 / 3000000
1820000 / 3000000
1820500 / 3000000
1821000 / 3000000
1821500 / 3000000
1822000 / 3000000
1822500 / 3000000
1823000 / 3000000
1823500 / 3000000
1824000 / 3000000
1824500 / 3000000
1825000 / 3000000
1825500 / 3000000
1826000 / 3000000
1826500 / 3000000
1827000 / 3000000
1827500 / 3000000
1828000 / 3000000
1828500 / 3000000
1829000 / 3000000
1829500 / 3000000
1830000 / 3000000
1830500 / 3000000
1831000 / 3000000
1831500 / 3000000
1832000 / 3000000
1832500 / 3000000
1833000 / 3000000
1833500 / 3000000
1834000 / 3000000
1834500 / 3000000
1835000 / 3000000
1835500 / 3000000
1836000 / 3000000
1836500 / 3000000
1837000 / 3000000
1837500 / 3000000
1838000 / 3000000
1838500 / 3000000
1839000 / 3000000
1839500 / 3000000
1840000 / 3000000
1840500 / 3000000
1841000 / 3000000
1841500 / 3000000
1842000 / 3000000
1842500 / 3000000
1843000 / 3000000
1843500 / 3000000
1844000 / 3000000
1844500 / 3000000
1845000 / 3000000
1845500 / 3000000
1846000 / 3000000
1846500 / 3000000
1847000 / 3000000
1847500 / 3000000
1848000 / 3000000
1848500 / 3000000
1849000 / 3000000
1849500 / 3000000
1850000 / 3000000
1850500 / 3000000
1851000 / 3000000
1851500 / 3000000
1852000 / 3000000
1852500 / 3000000
1853000 / 3000000
1853500 / 3000000
1854000 / 3000000
1854500 / 3000000
1855000 / 3000000
1855500 / 3000000
1856000 / 3000000
1856500 / 3000000
1857000 / 3000000
1857500 / 3000000
1858000 / 3000000
1858500 / 3000000
1859000 / 3000000
1859500 / 3000000
1860000 / 3000000
1860500 / 3000000
1861000 / 3000000
1861500 / 3000000
1862000 / 3000000
1862500 / 3000000
1863000 / 3000000
1863500 / 3000000
1864000 / 3000000
1864500 / 3000000
1865000 / 3000000
1865500 / 3000000
1866000 / 3000000
1866500 / 3000000
1867000 / 3000000
1867500 / 3000000
1868000 / 3000000
1868500 / 3000000
1869000 / 3000000
1869500 / 3000000
1870000 / 3000000
1870500 / 3000000
1871000 / 3000000
1871500 / 3000000
1872000 / 3000000
1872500 / 3000000
1873000 / 3000000
1873500 / 3000000
1874000 / 3000000
1874500 / 3000000
1875000 / 3000000
1875500 / 3000000
1876000 / 3000000
1876500 / 3000000
1877000 / 3000000
1877500 / 3000000
1878000 / 3000000
1878500 / 3000000
1879000 / 3000000
1879500 / 3000000
1880000 / 3000000
1880500 / 3000000
1881000 / 3000000
1881500 / 3000000
1882000 / 3000000
1882500 / 3000000
1883000 / 3000000
1883500 / 3000000
1884000 / 3000000
1884500 / 3000000
1885000 / 3000000
1885500 / 3000000
1886000 / 3000000
1886500 / 3000000
1887000 / 3000000
1887500 / 3000000
1888000 / 3000000
1888500 / 3000000
1889000 / 3000000
1889500 / 3000000
1890000 / 3000000
1890500 / 3000000
1891000 / 3000000
1891500 / 3000000
1892000 / 3000000
1892500 / 3000000
1893000 / 3000000
1893500 / 3000000
1894000 / 3000000
1894500 / 3000000
1895000 / 3000000
1895500 / 3000000
1896000 / 3000000
1896500 / 3000000
1897000 / 3000000
1897500 / 3000000
1898000 / 3000000
1898500 / 3000000
1899000 / 3000000
1899500 / 3000000
1900000 / 3000000
1900500 / 3000000
1901000 / 3000000
1901500 / 3000000
1902000 / 3000000
1902500 / 3000000
1903000 / 3000000
1903500 / 3000000
1904000 / 3000000
1904500 / 3000000
1905000 / 3000000
1905500 / 3000000
1906000 / 3000000
1906500 / 3000000
1907000 / 3000000
1907500 / 3000000
1908000 / 3000000
1908500 / 3000000
1909000 / 3000000
1909500 / 3000000
1910000 / 3000000
1910500 / 3000000
1911000 / 3000000
1911500 / 3000000
1912000 / 3000000
1912500 / 3000000
1913000 / 3000000
1913500 / 3000000
1914000 / 3000000
1914500 / 3000000
1915000 / 3000000
1915500 / 3000000
1916000 / 3000000
1916500 / 3000000
1917000 / 3000000
1917500 / 3000000
1918000 / 3000000
1918500 / 3000000
1919000 / 3000000
1919500 / 3000000
1920000 / 3000000
1920500 / 3000000
1921000 / 3000000
1921500 / 3000000
1922000 / 3000000
1922500 / 3000000
1923000 / 3000000
1923500 / 3000000
1924000 / 3000000
1924500 / 3000000
1925000 / 3000000
1925500 / 3000000
1926000 / 3000000
1926500 / 3000000
1927000 / 3000000
1927500 / 3000000
1928000 / 3000000
1928500 / 3000000
1929000 / 3000000
1929500 / 3000000
1930000 / 3000000
1930500 / 3000000
1931000 / 3000000
1931500 / 3000000
1932000 / 3000000
1932500 / 3000000
1933000 / 3000000
1933500 / 3000000
1934000 / 3000000
1934500 / 3000000
1935000 / 3000000
1935500 / 3000000
1936000 / 3000000
1936500 / 3000000
1937000 / 3000000
1937500 / 3000000
1938000 / 3000000
1938500 / 3000000
1939000 / 3000000
1939500 / 3000000
1940000 / 3000000
1940500 / 3000000
1941000 / 3000000
1941500 / 3000000
1942000 / 3000000
1942500 / 3000000
1943000 / 3000000
1943500 / 3000000
1944000 / 3000000
1944500 / 3000000
1945000 / 3000000
1945500 / 3000000
1946000 / 3000000
1946500 / 3000000
1947000 / 3000000
1947500 / 3000000
1948000 / 3000000
1948500 / 3000000
1949000 / 3000000
1949500 / 3000000
1950000 / 3000000
1950500 / 3000000
1951000 / 3000000
1951500 / 3000000
1952000 / 3000000
1952500 / 3000000
1953000 / 3000000
1953500 / 3000000
1954000 / 3000000
1954500 / 3000000
1955000 / 3000000
1955500 / 3000000
1956000 / 3000000
1956500 / 3000000
1957000 / 3000000
1957500 / 3000000
1958000 / 3000000
1958500 / 3000000
1959000 / 3000000
1959500 / 3000000
1960000 / 3000000
1960500 / 3000000
1961000 / 3000000
1961500 / 3000000
1962000 / 3000000
1962500 / 3000000
1963000 / 3000000
1963500 / 3000000
1964000 / 3000000
1964500 / 3000000
1965000 / 3000000
1965500 / 3000000
1966000 / 3000000
1966500 / 3000000
1967000 / 3000000
1967500 / 3000000
1968000 / 3000000
1968500 / 3000000
1969000 / 3000000
1969500 / 3000000
1970000 / 3000000
1970500 / 3000000
1971000 / 3000000
1971500 / 3000000
1972000 / 3000000
1972500 / 3000000
1973000 / 3000000
1973500 / 3000000
1974000 / 3000000
1974500 / 3000000
1975000 / 3000000
1975500 / 3000000
1976000 / 3000000
1976500 / 3000000
1977000 / 3000000
1977500 / 3000000
1978000 / 3000000
1978500 / 3000000
1979000 / 3000000
1979500 / 3000000
1980000 / 3000000
1980500 / 3000000
1981000 / 3000000
1981500 / 3000000
1982000 / 3000000
1982500 / 3000000
1983000 / 3000000
1983500 / 3000000
1984000 / 3000000
1984500 / 3000000
1985000 / 3000000
1985500 / 3000000
1986000 / 3000000
1986500 / 3000000
1987000 / 3000000
1987500 / 3000000
1988000 / 3000000
1988500 / 3000000
1989000 / 3000000
1989500 / 3000000
1990000 / 3000000
1990500 / 3000000
1991000 / 3000000
1991500 / 3000000
1992000 / 3000000
1992500 / 3000000
1993000 / 3000000
1993500 / 3000000
1994000 / 3000000
1994500 / 3000000
1995000 / 3000000
1995500 / 3000000
1996000 / 3000000
1996500 / 3000000
1997000 / 3000000
1997500 / 3000000
1998000 / 3000000
1998500 / 3000000
1999000 / 3000000
1999500 / 3000000
2000000 / 3000000
2000500 / 3000000
2001000 / 3000000
2001500 / 3000000
2002000 / 3000000
2002500 / 3000000
2003000 / 3000000
2003500 / 3000000
2004000 / 3000000
2004500 / 3000000
2005000 / 3000000
2005500 / 3000000
2006000 / 3000000
2006500 / 3000000
2007000 / 3000000
2007500 / 3000000
2008000 / 3000000
2008500 / 3000000
2009000 / 3000000
2009500 / 3000000
2010000 / 3000000
2010500 / 3000000
2011000 / 3000000
2011500 / 3000000
2012000 / 3000000
2012500 / 3000000
2013000 / 3000000
2013500 / 3000000
2014000 / 3000000
2014500 / 3000000
2015000 / 3000000
2015500 / 3000000
2016000 / 3000000
2016500 / 3000000
2017000 / 3000000
2017500 / 3000000
2018000 / 3000000
2018500 / 3000000
2019000 / 3000000
2019500 / 3000000
2020000 / 3000000
2020500 / 3000000
2021000 / 3000000
2021500 / 3000000
2022000 / 3000000
2022500 / 3000000
2023000 / 3000000
2023500 / 3000000
2024000 / 3000000
2024500 / 3000000
2025000 / 3000000
2025500 / 3000000
2026000 / 3000000
2026500 / 3000000
2027000 / 3000000
2027500 / 3000000
2028000 / 3000000
2028500 / 3000000
2029000 / 3000000
2029500 / 3000000
2030000 / 3000000
2030500 / 3000000
2031000 / 3000000
2031500 / 3000000
2032000 / 3000000
2032500 / 3000000
2033000 / 3000000
2033500 / 3000000
2034000 / 3000000
2034500 / 3000000
2035000 / 3000000
2035500 / 3000000
2036000 / 3000000
2036500 / 3000000
2037000 / 3000000
2037500 / 3000000
2038000 / 3000000
2038500 / 3000000
2039000 / 3000000
2039500 / 3000000
2040000 / 3000000
2040500 / 3000000
2041000 / 3000000
2041500 / 3000000
2042000 / 3000000
2042500 / 3000000
2043000 / 3000000
2043500 / 3000000
2044000 / 3000000
2044500 / 3000000
2045000 / 3000000
2045500 / 3000000
2046000 / 3000000
2046500 / 3000000
2047000 / 3000000
2047500 / 3000000
2048000 / 3000000
2048500 / 3000000
2049000 / 3000000
2049500 / 3000000
2050000 / 3000000
2050500 / 3000000
2051000 / 3000000
2051500 / 3000000
2052000 / 3000000
2052500 / 3000000
2053000 / 3000000
2053500 / 3000000
2054000 / 3000000
2054500 / 3000000
2055000 / 3000000
2055500 / 3000000
2056000 / 3000000
2056500 / 3000000
2057000 / 3000000
2057500 / 3000000
2058000 / 3000000
2058500 / 3000000
2059000 / 3000000
2059500 / 3000000
2060000 / 3000000
2060500 / 3000000
2061000 / 3000000
2061500 / 3000000
2062000 / 3000000
2062500 / 3000000
2063000 / 3000000
2063500 / 3000000
2064000 / 3000000
2064500 / 3000000
2065000 / 3000000
2065500 / 3000000
2066000 / 3000000
2066500 / 3000000
2067000 / 3000000
2067500 / 3000000
2068000 / 3000000
2068500 / 3000000
2069000 / 3000000
2069500 / 3000000
2070000 / 3000000
2070500 / 3000000
2071000 / 3000000
2071500 / 3000000
2072000 / 3000000
2072500 / 3000000
2073000 / 3000000
2073500 / 3000000
2074000 / 3000000
2074500 / 3000000
2075000 / 3000000
2075500 / 3000000
2076000 / 3000000
2076500 / 3000000
2077000 / 3000000
2077500 / 3000000
2078000 / 3000000
2078500 / 3000000
2079000 / 3000000
2079500 / 3000000
2080000 / 3000000
2080500 / 3000000
2081000 / 3000000
2081500 / 3000000
2082000 / 3000000
2082500 / 3000000
2083000 / 3000000
2083500 / 3000000
2084000 / 3000000
2084500 / 3000000
2085000 / 3000000
2085500 / 3000000
2086000 / 3000000
2086500 / 3000000
2087000 / 3000000
2087500 / 3000000
2088000 / 3000000
2088500 / 3000000
2089000 / 3000000
2089500 / 3000000
2090000 / 3000000
2090500 / 3000000
2091000 / 3000000
2091500 / 3000000
2092000 / 3000000
2092500 / 3000000
2093000 / 3000000
2093500 / 3000000
2094000 / 3000000
2094500 / 3000000
2095000 / 3000000
2095500 / 3000000
2096000 / 3000000
2096500 / 3000000
2097000 / 3000000
2097500 / 3000000
2098000 / 3000000
2098500 / 3000000
2099000 / 3000000
2099500 / 3000000
2100000 / 3000000
2100500 / 3000000
2101000 / 3000000
2101500 / 3000000
2102000 / 3000000
2102500 / 3000000
2103000 / 3000000
2103500 / 3000000
2104000 / 3000000
2104500 / 3000000
2105000 / 3000000
2105500 / 3000000
2106000 / 3000000
2106500 / 3000000
2107000 / 3000000
2107500 / 3000000
2108000 / 3000000
2108500 / 3000000
2109000 / 3000000
2109500 / 3000000
2110000 / 3000000
2110500 / 3000000
2111000 / 3000000
2111500 / 3000000
2112000 / 3000000
2112500 / 3000000
2113000 / 3000000
2113500 / 3000000
2114000 / 3000000
2114500 / 3000000
2115000 / 3000000
2115500 / 3000000
2116000 / 3000000
2116500 / 3000000
2117000 / 3000000
2117500 / 3000000
2118000 / 3000000
2118500 / 3000000
2119000 / 3000000
2119500 / 3000000
2120000 / 3000000
2120500 / 3000000
2121000 / 3000000
2121500 / 3000000
2122000 / 3000000
2122500 / 3000000
2123000 / 3000000
2123500 / 3000000
2124000 / 3000000
2124500 / 3000000
2125000 / 3000000
2125500 / 3000000
2126000 / 3000000
2126500 / 3000000
2127000 / 3000000
2127500 / 3000000
2128000 / 3000000
2128500 / 3000000
2129000 / 3000000
2129500 / 3000000
2130000 / 3000000
2130500 / 3000000
2131000 / 3000000
2131500 / 3000000
2132000 / 3000000
2132500 / 3000000
2133000 / 3000000
2133500 / 3000000
2134000 / 3000000
2134500 / 3000000
2135000 / 3000000
2135500 / 3000000
2136000 / 3000000
2136500 / 3000000
2137000 / 3000000
2137500 / 3000000
2138000 / 3000000
2138500 / 3000000
2139000 / 3000000
2139500 / 3000000
2140000 / 3000000
2140500 / 3000000
2141000 / 3000000
2141500 / 3000000
2142000 / 3000000
2142500 / 3000000
2143000 / 3000000
2143500 / 3000000
2144000 / 3000000
2144500 / 3000000
2145000 / 3000000
2145500 / 3000000
2146000 / 3000000
2146500 / 3000000
2147000 / 3000000
2147500 / 3000000
2148000 / 3000000
2148500 / 3000000
2149000 / 3000000
2149500 / 3000000
2150000 / 3000000
2150500 / 3000000
2151000 / 3000000
2151500 / 3000000
2152000 / 3000000
2152500 / 3000000
2153000 / 3000000
2153500 / 3000000
2154000 / 3000000
2154500 / 3000000
2155000 / 3000000
2155500 / 3000000
2156000 / 3000000
2156500 / 3000000
2157000 / 3000000
2157500 / 3000000
2158000 / 3000000
2158500 / 3000000
2159000 / 3000000
2159500 / 3000000
2160000 / 3000000
2160500 / 3000000
2161000 / 3000000
2161500 / 3000000
2162000 / 3000000
2162500 / 3000000
2163000 / 3000000
2163500 / 3000000
2164000 / 3000000
2164500 / 3000000
2165000 / 3000000
2165500 / 3000000
2166000 / 3000000
2166500 / 3000000
2167000 / 3000000
2167500 / 3000000
2168000 / 3000000
2168500 / 3000000
2169000 / 3000000
2169500 / 3000000
2170000 / 3000000
2170500 / 3000000
2171000 / 3000000
2171500 / 3000000
2172000 / 3000000
2172500 / 3000000
2173000 / 3000000
2173500 / 3000000
2174000 / 3000000
2174500 / 3000000
2175000 / 3000000
2175500 / 3000000
2176000 / 3000000
2176500 / 3000000
2177000 / 3000000
2177500 / 3000000
2178000 / 3000000
2178500 / 3000000
2179000 / 3000000
2179500 / 3000000
2180000 / 3000000
2180500 / 3000000
2181000 / 3000000
2181500 / 3000000
2182000 / 3000000
2182500 / 3000000
2183000 / 3000000
2183500 / 3000000
2184000 / 3000000
2184500 / 3000000
2185000 / 3000000
2185500 / 3000000
2186000 / 3000000
2186500 / 3000000
2187000 / 3000000
2187500 / 3000000
2188000 / 3000000
2188500 / 3000000
2189000 / 3000000
2189500 / 3000000
2190000 / 3000000
2190500 / 3000000
2191000 / 3000000
2191500 / 3000000
2192000 / 3000000
2192500 / 3000000
2193000 / 3000000
2193500 / 3000000
2194000 / 3000000
2194500 / 3000000
2195000 / 3000000
2195500 / 3000000
2196000 / 3000000
2196500 / 3000000
2197000 / 3000000
2197500 / 3000000
2198000 / 3000000
2198500 / 3000000
2199000 / 3000000
2199500 / 3000000
2200000 / 3000000
2200500 / 3000000
2201000 / 3000000
2201500 / 3000000
2202000 / 3000000
2202500 / 3000000
2203000 / 3000000
2203500 / 3000000
2204000 / 3000000
2204500 / 3000000
2205000 / 3000000
2205500 / 3000000
2206000 / 3000000
2206500 / 3000000
2207000 / 3000000
2207500 / 3000000
2208000 / 3000000
2208500 / 3000000
2209000 / 3000000
2209500 / 3000000
2210000 / 3000000
2210500 / 3000000
2211000 / 3000000
2211500 / 3000000
2212000 / 3000000
2212500 / 3000000
2213000 / 3000000
2213500 / 3000000
2214000 / 3000000
2214500 / 3000000
2215000 / 3000000
2215500 / 3000000
2216000 / 3000000
2216500 / 3000000
2217000 / 3000000
2217500 / 3000000
2218000 / 3000000
2218500 / 3000000
2219000 / 3000000
2219500 / 3000000
2220000 / 3000000
2220500 / 3000000
2221000 / 3000000
2221500 / 3000000
2222000 / 3000000
2222500 / 3000000
2223000 / 3000000
2223500 / 3000000
2224000 / 3000000
2224500 / 3000000
2225000 / 3000000
2225500 / 3000000
2226000 / 3000000
2226500 / 3000000
2227000 / 3000000
2227500 / 3000000
2228000 / 3000000
2228500 / 3000000
2229000 / 3000000
2229500 / 3000000
2230000 / 3000000
2230500 / 3000000
2231000 / 3000000
2231500 / 3000000
2232000 / 3000000
2232500 / 3000000
2233000 / 3000000
2233500 / 3000000
2234000 / 3000000
2234500 / 3000000
2235000 / 3000000
2235500 / 3000000
2236000 / 3000000
2236500 / 3000000
2237000 / 3000000
2237500 / 3000000
2238000 / 3000000
2238500 / 3000000
2239000 / 3000000
2239500 / 3000000
2240000 / 3000000
2240500 / 3000000
2241000 / 3000000
2241500 / 3000000
2242000 / 3000000
2242500 / 3000000
2243000 / 3000000
2243500 / 3000000
2244000 / 3000000
2244500 / 3000000
2245000 / 3000000
2245500 / 3000000
2246000 / 3000000
2246500 / 3000000
2247000 / 3000000
2247500 / 3000000
2248000 / 3000000
2248500 / 3000000
2249000 / 3000000
2249500 / 3000000
2250000 / 3000000
2250500 / 3000000
2251000 / 3000000
2251500 / 3000000
2252000 / 3000000
2252500 / 3000000
2253000 / 3000000
2253500 / 3000000
2254000 / 3000000
2254500 / 3000000
2255000 / 3000000
2255500 / 3000000
2256000 / 3000000
2256500 / 3000000
2257000 / 3000000
2257500 / 3000000
2258000 / 3000000
2258500 / 3000000
2259000 / 3000000
2259500 / 3000000
2260000 / 3000000
2260500 / 3000000
2261000 / 3000000
2261500 / 3000000
2262000 / 3000000
2262500 / 3000000
2263000 / 3000000
2263500 / 3000000
2264000 / 3000000
2264500 / 3000000
2265000 / 3000000
2265500 / 3000000
2266000 / 3000000
2266500 / 3000000
2267000 / 3000000
2267500 / 3000000
2268000 / 3000000
2268500 / 3000000
2269000 / 3000000
2269500 / 3000000
2270000 / 3000000
2270500 / 3000000
2271000 / 3000000
2271500 / 3000000
2272000 / 3000000
2272500 / 3000000
2273000 / 3000000
2273500 / 3000000
2274000 / 3000000
2274500 / 3000000
2275000 / 3000000
2275500 / 3000000
2276000 / 3000000
2276500 / 3000000
2277000 / 3000000
2277500 / 3000000
2278000 / 3000000
2278500 / 3000000
2279000 / 3000000
2279500 / 3000000
2280000 / 3000000
2280500 / 3000000
2281000 / 3000000
2281500 / 3000000
2282000 / 3000000
2282500 / 3000000
2283000 / 3000000
2283500 / 3000000
2284000 / 3000000
2284500 / 3000000
2285000 / 3000000
2285500 / 3000000
2286000 / 3000000
2286500 / 3000000
2287000 / 3000000
2287500 / 3000000
2288000 / 3000000
2288500 / 3000000
2289000 / 3000000
2289500 / 3000000
2290000 / 3000000
2290500 / 3000000
2291000 / 3000000
2291500 / 3000000
2292000 / 3000000
2292500 / 3000000
2293000 / 3000000
2293500 / 3000000
2294000 / 3000000
2294500 / 3000000
2295000 / 3000000
2295500 / 3000000
2296000 / 3000000
2296500 / 3000000
2297000 / 3000000
2297500 / 3000000
2298000 / 3000000
2298500 / 3000000
2299000 / 3000000
2299500 / 3000000
2300000 / 3000000
2300500 / 3000000
2301000 / 3000000
2301500 / 3000000
2302000 / 3000000
2302500 / 3000000
2303000 / 3000000
2303500 / 3000000
2304000 / 3000000
2304500 / 3000000
2305000 / 3000000
2305500 / 3000000
2306000 / 3000000
2306500 / 3000000
2307000 / 3000000
2307500 / 3000000
2308000 / 3000000
2308500 / 3000000
2309000 / 3000000
2309500 / 3000000
2310000 / 3000000
2310500 / 3000000
2311000 / 3000000
2311500 / 3000000
2312000 / 3000000
2312500 / 3000000
2313000 / 3000000
2313500 / 3000000
2314000 / 3000000
2314500 / 3000000
2315000 / 3000000
2315500 / 3000000
2316000 / 3000000
2316500 / 3000000
2317000 / 3000000
2317500 / 3000000
2318000 / 3000000
2318500 / 3000000
2319000 / 3000000
2319500 / 3000000
2320000 / 3000000
2320500 / 3000000
2321000 / 3000000
2321500 / 3000000
2322000 / 3000000
2322500 / 3000000
2323000 / 3000000
2323500 / 3000000
2324000 / 3000000
2324500 / 3000000
2325000 / 3000000
2325500 / 3000000
2326000 / 3000000
2326500 / 3000000
2327000 / 3000000
2327500 / 3000000
2328000 / 3000000
2328500 / 3000000
2329000 / 3000000
2329500 / 3000000
2330000 / 3000000
2330500 / 3000000
2331000 / 3000000
2331500 / 3000000
2332000 / 3000000
2332500 / 3000000
2333000 / 3000000
2333500 / 3000000
2334000 / 3000000
2334500 / 3000000
2335000 / 3000000
2335500 / 3000000
2336000 / 3000000
2336500 / 3000000
2337000 / 3000000
2337500 / 3000000
2338000 / 3000000
2338500 / 3000000
2339000 / 3000000
2339500 / 3000000
2340000 / 3000000
2340500 / 3000000
2341000 / 3000000
2341500 / 3000000
2342000 / 3000000
2342500 / 3000000
2343000 / 3000000
2343500 / 3000000
2344000 / 3000000
2344500 / 3000000
2345000 / 3000000
2345500 / 3000000
2346000 / 3000000
2346500 / 3000000
2347000 / 3000000
2347500 / 3000000
2348000 / 3000000
2348500 / 3000000
2349000 / 3000000
2349500 / 3000000
2350000 / 3000000
2350500 / 3000000
2351000 / 3000000
2351500 / 3000000
2352000 / 3000000
2352500 / 3000000
2353000 / 3000000
2353500 / 3000000
2354000 / 3000000
2354500 / 3000000
2355000 / 3000000
2355500 / 3000000
2356000 / 3000000
2356500 / 3000000
2357000 / 3000000
2357500 / 3000000
2358000 / 3000000
2358500 / 3000000
2359000 / 3000000
2359500 / 3000000
2360000 / 3000000
2360500 / 3000000
2361000 / 3000000
2361500 / 3000000
2362000 / 3000000
2362500 / 3000000
2363000 / 3000000
2363500 / 3000000
2364000 / 3000000
2364500 / 3000000
2365000 / 3000000
2365500 / 3000000
2366000 / 3000000
2366500 / 3000000
2367000 / 3000000
2367500 / 3000000
2368000 / 3000000
2368500 / 3000000
2369000 / 3000000
2369500 / 3000000
2370000 / 3000000
2370500 / 3000000
2371000 / 3000000
2371500 / 3000000
2372000 / 3000000
2372500 / 3000000
2373000 / 3000000
2373500 / 3000000
2374000 / 3000000
2374500 / 3000000
2375000 / 3000000
2375500 / 3000000
2376000 / 3000000
2376500 / 3000000
2377000 / 3000000
2377500 / 3000000
2378000 / 3000000
2378500 / 3000000
2379000 / 3000000
2379500 / 3000000
2380000 / 3000000
2380500 / 3000000
2381000 / 3000000
2381500 / 3000000
2382000 / 3000000
2382500 / 3000000
2383000 / 3000000
2383500 / 3000000
2384000 / 3000000
2384500 / 3000000
2385000 / 3000000
2385500 / 3000000
2386000 / 3000000
2386500 / 3000000
2387000 / 3000000
2387500 / 3000000
2388000 / 3000000
2388500 / 3000000
2389000 / 3000000
2389500 / 3000000
2390000 / 3000000
2390500 / 3000000
2391000 / 3000000
2391500 / 3000000
2392000 / 3000000
2392500 / 3000000
2393000 / 3000000
2393500 / 3000000
2394000 / 3000000
2394500 / 3000000
2395000 / 3000000
2395500 / 3000000
2396000 / 3000000
2396500 / 3000000
2397000 / 3000000
2397500 / 3000000
2398000 / 3000000
2398500 / 3000000
2399000 / 3000000
2399500 / 3000000
2400000 / 3000000
2400500 / 3000000
2401000 / 3000000
2401500 / 3000000
2402000 / 3000000
2402500 / 3000000
2403000 / 3000000
2403500 / 3000000
2404000 / 3000000
2404500 / 3000000
2405000 / 3000000
2405500 / 3000000
2406000 / 3000000
2406500 / 3000000
2407000 / 3000000
2407500 / 3000000
2408000 / 3000000
2408500 / 3000000
2409000 / 3000000
2409500 / 3000000
2410000 / 3000000
2410500 / 3000000
2411000 / 3000000
2411500 / 3000000
2412000 / 3000000
2412500 / 3000000
2413000 / 3000000
2413500 / 3000000
2414000 / 3000000
2414500 / 3000000
2415000 / 3000000
2415500 / 3000000
2416000 / 3000000
2416500 / 3000000
2417000 / 3000000
2417500 / 3000000
2418000 / 3000000
2418500 / 3000000
2419000 / 3000000
2419500 / 3000000
2420000 / 3000000
2420500 / 3000000
2421000 / 3000000
2421500 / 3000000
2422000 / 3000000
2422500 / 3000000
2423000 / 3000000
2423500 / 3000000
2424000 / 3000000
2424500 / 3000000
2425000 / 3000000
2425500 / 3000000
2426000 / 3000000
2426500 / 3000000
2427000 / 3000000
2427500 / 3000000
2428000 / 3000000
2428500 / 3000000
2429000 / 3000000
2429500 / 3000000
2430000 / 3000000
2430500 / 3000000
2431000 / 3000000
2431500 / 3000000
2432000 / 3000000
2432500 / 3000000
2433000 / 3000000
2433500 / 3000000
2434000 / 3000000
2434500 / 3000000
2435000 / 3000000
2435500 / 3000000
2436000 / 3000000
2436500 / 3000000
2437000 / 3000000
2437500 / 3000000
2438000 / 3000000
2438500 / 3000000
2439000 / 3000000
2439500 / 3000000
2440000 / 3000000
2440500 / 3000000
2441000 / 3000000
2441500 / 3000000
2442000 / 3000000
2442500 / 3000000
2443000 / 3000000
2443500 / 3000000
2444000 / 3000000
2444500 / 3000000
2445000 / 3000000
2445500 / 3000000
2446000 / 3000000
2446500 / 3000000
2447000 / 3000000
2447500 / 3000000
2448000 / 3000000
2448500 / 3000000
2449000 / 3000000
2449500 / 3000000
2450000 / 3000000
2450500 / 3000000
2451000 / 3000000
2451500 / 3000000
2452000 / 3000000
2452500 / 3000000
2453000 / 3000000
2453500 / 3000000
2454000 / 3000000
2454500 / 3000000
2455000 / 3000000
2455500 / 3000000
2456000 / 3000000
2456500 / 3000000
2457000 / 3000000
2457500 / 3000000
2458000 / 3000000
2458500 / 3000000
2459000 / 3000000
2459500 / 3000000
2460000 / 3000000
2460500 / 3000000
2461000 / 3000000
2461500 / 3000000
2462000 / 3000000
2462500 / 3000000
2463000 / 3000000
2463500 / 3000000
2464000 / 3000000
2464500 / 3000000
2465000 / 3000000
2465500 / 3000000
2466000 / 3000000
2466500 / 3000000
2467000 / 3000000
2467500 / 3000000
2468000 / 3000000
2468500 / 3000000
2469000 / 3000000
2469500 / 3000000
2470000 / 3000000
2470500 / 3000000
2471000 / 3000000
2471500 / 3000000
2472000 / 3000000
2472500 / 3000000
2473000 / 3000000
2473500 / 3000000
2474000 / 3000000
2474500 / 3000000
2475000 / 3000000
2475500 / 3000000
2476000 / 3000000
2476500 / 3000000
2477000 / 3000000
2477500 / 3000000
2478000 / 3000000
2478500 / 3000000
2479000 / 3000000
2479500 / 3000000
2480000 / 3000000
2480500 / 3000000
2481000 / 3000000
2481500 / 3000000
2482000 / 3000000
2482500 / 3000000
2483000 / 3000000
2483500 / 3000000
2484000 / 3000000
2484500 / 3000000
2485000 / 3000000
2485500 / 3000000
2486000 / 3000000
2486500 / 3000000
2487000 / 3000000
2487500 / 3000000
2488000 / 3000000
2488500 / 3000000
2489000 / 3000000
2489500 / 3000000
2490000 / 3000000
2490500 / 3000000
2491000 / 3000000
2491500 / 3000000
2492000 / 3000000
2492500 / 3000000
2493000 / 3000000
2493500 / 3000000
2494000 / 3000000
2494500 / 3000000
2495000 / 3000000
2495500 / 3000000
2496000 / 3000000
2496500 / 3000000
2497000 / 3000000
2497500 / 3000000
2498000 / 3000000
2498500 / 3000000
2499000 / 3000000
2499500 / 3000000
2500000 / 3000000
2500500 / 3000000
2501000 / 3000000
2501500 / 3000000
2502000 / 3000000
2502500 / 3000000
2503000 / 3000000
2503500 / 3000000
2504000 / 3000000
2504500 / 3000000
2505000 / 3000000
2505500 / 3000000
2506000 / 3000000
2506500 / 3000000
2507000 / 3000000
2507500 / 3000000
2508000 / 3000000
2508500 / 3000000
2509000 / 3000000
2509500 / 3000000
2510000 / 3000000
2510500 / 3000000
2511000 / 3000000
2511500 / 3000000
2512000 / 3000000
2512500 / 3000000
2513000 / 3000000
2513500 / 3000000
2514000 / 3000000
2514500 / 3000000
2515000 / 3000000
2515500 / 3000000
2516000 / 3000000
2516500 / 3000000
2517000 / 3000000
2517500 / 3000000
2518000 / 3000000
2518500 / 3000000
2519000 / 3000000
2519500 / 3000000
2520000 / 3000000
2520500 / 3000000
2521000 / 3000000
2521500 / 3000000
2522000 / 3000000
2522500 / 3000000
2523000 / 3000000
2523500 / 3000000
2524000 / 3000000
2524500 / 3000000
2525000 / 3000000
2525500 / 3000000
2526000 / 3000000
2526500 / 3000000
2527000 / 3000000
2527500 / 3000000
2528000 / 3000000
2528500 / 3000000
2529000 / 3000000
2529500 / 3000000
2530000 / 3000000
2530500 / 3000000
2531000 / 3000000
2531500 / 3000000
2532000 / 3000000
2532500 / 3000000
2533000 / 3000000
2533500 / 3000000
2534000 / 3000000
2534500 / 3000000
2535000 / 3000000
2535500 / 3000000
2536000 / 3000000
2536500 / 3000000
2537000 / 3000000
2537500 / 3000000
2538000 / 3000000
2538500 / 3000000
2539000 / 3000000
2539500 / 3000000
2540000 / 3000000
2540500 / 3000000
2541000 / 3000000
2541500 / 3000000
2542000 / 3000000
2542500 / 3000000
2543000 / 3000000
2543500 / 3000000
2544000 / 3000000
2544500 / 3000000
2545000 / 3000000
2545500 / 3000000
2546000 / 3000000
2546500 / 3000000
2547000 / 3000000
2547500 / 3000000
2548000 / 3000000
2548500 / 3000000
2549000 / 3000000
2549500 / 3000000
2550000 / 3000000
2550500 / 3000000
2551000 / 3000000
2551500 / 3000000
2552000 / 3000000
2552500 / 3000000
2553000 / 3000000
2553500 / 3000000
2554000 / 3000000
2554500 / 3000000
2555000 / 3000000
2555500 / 3000000
2556000 / 3000000
2556500 / 3000000
2557000 / 3000000
2557500 / 3000000
2558000 / 3000000
2558500 / 3000000
2559000 / 3000000
2559500 / 3000000
2560000 / 3000000
2560500 / 3000000
2561000 / 3000000
2561500 / 3000000
2562000 / 3000000
2562500 / 3000000
2563000 / 3000000
2563500 / 3000000
2564000 / 3000000
2564500 / 3000000
2565000 / 3000000
2565500 / 3000000
2566000 / 3000000
2566500 / 3000000
2567000 / 3000000
2567500 / 3000000
2568000 / 3000000
2568500 / 3000000
2569000 / 3000000
2569500 / 3000000
2570000 / 3000000
2570500 / 3000000
2571000 / 3000000
2571500 / 3000000
2572000 / 3000000
2572500 / 3000000
2573000 / 3000000
2573500 / 3000000
2574000 / 3000000
2574500 / 3000000
2575000 / 3000000
2575500 / 3000000
2576000 / 3000000
2576500 / 3000000
2577000 / 3000000
2577500 / 3000000
2578000 / 3000000
2578500 / 3000000
2579000 / 3000000
2579500 / 3000000
2580000 / 3000000
2580500 / 3000000
2581000 / 3000000
2581500 / 3000000
2582000 / 3000000
2582500 / 3000000
2583000 / 3000000
2583500 / 3000000
2584000 / 3000000
2584500 / 3000000
2585000 / 3000000
2585500 / 3000000
2586000 / 3000000
2586500 / 3000000
2587000 / 3000000
2587500 / 3000000
2588000 / 3000000
2588500 / 3000000
2589000 / 3000000
2589500 / 3000000
2590000 / 3000000
2590500 / 3000000
2591000 / 3000000
2591500 / 3000000
2592000 / 3000000
2592500 / 3000000
2593000 / 3000000
2593500 / 3000000
2594000 / 3000000
2594500 / 3000000
2595000 / 3000000
2595500 / 3000000
2596000 / 3000000
2596500 / 3000000
2597000 / 3000000
2597500 / 3000000
2598000 / 3000000
2598500 / 3000000
2599000 / 3000000
2599500 / 3000000
2600000 / 3000000
2600500 / 3000000
2601000 / 3000000
2601500 / 3000000
2602000 / 3000000
2602500 / 3000000
2603000 / 3000000
2603500 / 3000000
2604000 / 3000000
2604500 / 3000000
2605000 / 3000000
2605500 / 3000000
2606000 / 3000000
2606500 / 3000000
2607000 / 3000000
2607500 / 3000000
2608000 / 3000000
2608500 / 3000000
2609000 / 3000000
2609500 / 3000000
2610000 / 3000000
2610500 / 3000000
2611000 / 3000000
2611500 / 3000000
2612000 / 3000000
2612500 / 3000000
2613000 / 3000000
2613500 / 3000000
2614000 / 3000000
2614500 / 3000000
2615000 / 3000000
2615500 / 3000000
2616000 / 3000000
2616500 / 3000000
2617000 / 3000000
2617500 / 3000000
2618000 / 3000000
2618500 / 3000000
2619000 / 3000000
2619500 / 3000000
2620000 / 3000000
2620500 / 3000000
2621000 / 3000000
2621500 / 3000000
2622000 / 3000000
2622500 / 3000000
2623000 / 3000000
2623500 / 3000000
2624000 / 3000000
2624500 / 3000000
2625000 / 3000000
2625500 / 3000000
2626000 / 3000000
2626500 / 3000000
2627000 / 3000000
2627500 / 3000000
2628000 / 3000000
2628500 / 3000000
2629000 / 3000000
2629500 / 3000000
2630000 / 3000000
2630500 / 3000000
2631000 / 3000000
2631500 / 3000000
2632000 / 3000000
2632500 / 3000000
2633000 / 3000000
2633500 / 3000000
2634000 / 3000000
2634500 / 3000000
2635000 / 3000000
2635500 / 3000000
2636000 / 3000000
2636500 / 3000000
2637000 / 3000000
2637500 / 3000000
2638000 / 3000000
2638500 / 3000000
2639000 / 3000000
2639500 / 3000000
2640000 / 3000000
2640500 / 3000000
2641000 / 3000000
2641500 / 3000000
2642000 / 3000000
2642500 / 3000000
2643000 / 3000000
2643500 / 3000000
2644000 / 3000000
2644500 / 3000000
2645000 / 3000000
2645500 / 3000000
2646000 / 3000000
2646500 / 3000000
2647000 / 3000000
2647500 / 3000000
2648000 / 3000000
2648500 / 3000000
2649000 / 3000000
2649500 / 3000000
2650000 / 3000000
2650500 / 3000000
2651000 / 3000000
2651500 / 3000000
2652000 / 3000000
2652500 / 3000000
2653000 / 3000000
2653500 / 3000000
2654000 / 3000000
2654500 / 3000000
2655000 / 3000000
2655500 / 3000000
2656000 / 3000000
2656500 / 3000000
2657000 / 3000000
2657500 / 3000000
2658000 / 3000000
2658500 / 3000000
2659000 / 3000000
2659500 / 3000000
2660000 / 3000000
2660500 / 3000000
2661000 / 3000000
2661500 / 3000000
2662000 / 3000000
2662500 / 3000000
2663000 / 3000000
2663500 / 3000000
2664000 / 3000000
2664500 / 3000000
2665000 / 3000000
2665500 / 3000000
2666000 / 3000000
2666500 / 3000000
2667000 / 3000000
2667500 / 3000000
2668000 / 3000000
2668500 / 3000000
2669000 / 3000000
2669500 / 3000000
2670000 / 3000000
2670500 / 3000000
2671000 / 3000000
2671500 / 3000000
2672000 / 3000000
2672500 / 3000000
2673000 / 3000000
2673500 / 3000000
2674000 / 3000000
2674500 / 3000000
2675000 / 3000000
2675500 / 3000000
2676000 / 3000000
2676500 / 3000000
2677000 / 3000000
2677500 / 3000000
2678000 / 3000000
2678500 / 3000000
2679000 / 3000000
2679500 / 3000000
2680000 / 3000000
2680500 / 3000000
2681000 / 3000000
2681500 / 3000000
2682000 / 3000000
2682500 / 3000000
2683000 / 3000000
2683500 / 3000000
2684000 / 3000000
2684500 / 3000000
2685000 / 3000000
2685500 / 3000000
2686000 / 3000000
2686500 / 3000000
2687000 / 3000000
2687500 / 3000000
2688000 / 3000000
2688500 / 3000000
2689000 / 3000000
2689500 / 3000000
2690000 / 3000000
2690500 / 3000000
2691000 / 3000000
2691500 / 3000000
2692000 / 3000000
2692500 / 3000000
2693000 / 3000000
2693500 / 3000000
2694000 / 3000000
2694500 / 3000000
2695000 / 3000000
2695500 / 3000000
2696000 / 3000000
2696500 / 3000000
2697000 / 3000000
2697500 / 3000000
2698000 / 3000000
2698500 / 3000000
2699000 / 3000000
2699500 / 3000000
2700000 / 3000000
2700500 / 3000000
2701000 / 3000000
2701500 / 3000000
2702000 / 3000000
2702500 / 3000000
2703000 / 3000000
2703500 / 3000000
2704000 / 3000000
2704500 / 3000000
2705000 / 3000000
2705500 / 3000000
2706000 / 3000000
2706500 / 3000000
2707000 / 3000000
2707500 / 3000000
2708000 / 3000000
2708500 / 3000000
2709000 / 3000000
2709500 / 3000000
2710000 / 3000000
2710500 / 3000000
2711000 / 3000000
2711500 / 3000000
2712000 / 3000000
2712500 / 3000000
2713000 / 3000000
2713500 / 3000000
2714000 / 3000000
2714500 / 3000000
2715000 / 3000000
2715500 / 3000000
2716000 / 3000000
2716500 / 3000000
2717000 / 3000000
2717500 / 3000000
2718000 / 3000000
2718500 / 3000000
2719000 / 3000000
2719500 / 3000000
2720000 / 3000000
2720500 / 3000000
2721000 / 3000000
2721500 / 3000000
2722000 / 3000000
2722500 / 3000000
2723000 / 3000000
2723500 / 3000000
2724000 / 3000000
2724500 / 3000000
2725000 / 3000000
2725500 / 3000000
2726000 / 3000000
2726500 / 3000000
2727000 / 3000000
2727500 / 3000000
2728000 / 3000000
2728500 / 3000000
2729000 / 3000000
2729500 / 3000000
2730000 / 3000000
2730500 / 3000000
2731000 / 3000000
2731500 / 3000000
2732000 / 3000000
2732500 / 3000000
2733000 / 3000000
2733500 / 3000000
2734000 / 3000000
2734500 / 3000000
2735000 / 3000000
2735500 / 3000000
2736000 / 3000000
2736500 / 3000000
2737000 / 3000000
2737500 / 3000000
2738000 / 3000000
2738500 / 3000000
2739000 / 3000000
2739500 / 3000000
2740000 / 3000000
2740500 / 3000000
2741000 / 3000000
2741500 / 3000000
2742000 / 3000000
2742500 / 3000000
2743000 / 3000000
2743500 / 3000000
2744000 / 3000000
2744500 / 3000000
2745000 / 3000000
2745500 / 3000000
2746000 / 3000000
2746500 / 3000000
2747000 / 3000000
2747500 / 3000000
2748000 / 3000000
2748500 / 3000000
2749000 / 3000000
2749500 / 3000000
2750000 / 3000000
2750500 / 3000000
2751000 / 3000000
2751500 / 3000000
2752000 / 3000000
2752500 / 3000000
2753000 / 3000000
2753500 / 3000000
2754000 / 3000000
2754500 / 3000000
2755000 / 3000000
2755500 / 3000000
2756000 / 3000000
2756500 / 3000000
2757000 / 3000000
2757500 / 3000000
2758000 / 3000000
2758500 / 3000000
2759000 / 3000000
2759500 / 3000000
2760000 / 3000000
2760500 / 3000000
2761000 / 3000000
2761500 / 3000000
2762000 / 3000000
2762500 / 3000000
2763000 / 3000000
2763500 / 3000000
2764000 / 3000000
2764500 / 3000000
2765000 / 3000000
2765500 / 3000000
2766000 / 3000000
2766500 / 3000000
2767000 / 3000000
2767500 / 3000000
2768000 / 3000000
2768500 / 3000000
2769000 / 3000000
2769500 / 3000000
2770000 / 3000000
2770500 / 3000000
2771000 / 3000000
2771500 / 3000000
2772000 / 3000000
2772500 / 3000000
2773000 / 3000000
2773500 / 3000000
2774000 / 3000000
2774500 / 3000000
2775000 / 3000000
2775500 / 3000000
2776000 / 3000000
2776500 / 3000000
2777000 / 3000000
2777500 / 3000000
2778000 / 3000000
2778500 / 3000000
2779000 / 3000000
2779500 / 3000000
2780000 / 3000000
2780500 / 3000000
2781000 / 3000000
2781500 / 3000000
2782000 / 3000000
2782500 / 3000000
2783000 / 3000000
2783500 / 3000000
2784000 / 3000000
2784500 / 3000000
2785000 / 3000000
2785500 / 3000000
2786000 / 3000000
2786500 / 3000000
2787000 / 3000000
2787500 / 3000000
2788000 / 3000000
2788500 / 3000000
2789000 / 3000000
2789500 / 3000000
2790000 / 3000000
2790500 / 3000000
2791000 / 3000000
2791500 / 3000000
2792000 / 3000000
2792500 / 3000000
2793000 / 3000000
2793500 / 3000000
2794000 / 3000000
2794500 / 3000000
2795000 / 3000000
2795500 / 3000000
2796000 / 3000000
2796500 / 3000000
2797000 / 3000000
2797500 / 3000000
2798000 / 3000000
2798500 / 3000000
2799000 / 3000000
2799500 / 3000000
2800000 / 3000000
2800500 / 3000000
2801000 / 3000000
2801500 / 3000000
2802000 / 3000000
2802500 / 3000000
2803000 / 3000000
2803500 / 3000000
2804000 / 3000000
2804500 / 3000000
2805000 / 3000000
2805500 / 3000000
2806000 / 3000000
2806500 / 3000000
2807000 / 3000000
2807500 / 3000000
2808000 / 3000000
2808500 / 3000000
2809000 / 3000000
2809500 / 3000000
2810000 / 3000000
2810500 / 3000000
2811000 / 3000000
2811500 / 3000000
2812000 / 3000000
2812500 / 3000000
2813000 / 3000000
2813500 / 3000000
2814000 / 3000000
2814500 / 3000000
2815000 / 3000000
2815500 / 3000000
2816000 / 3000000
2816500 / 3000000
2817000 / 3000000
2817500 / 3000000
2818000 / 3000000
2818500 / 3000000
2819000 / 3000000
2819500 / 3000000
2820000 / 3000000
2820500 / 3000000
2821000 / 3000000
2821500 / 3000000
2822000 / 3000000
2822500 / 3000000
2823000 / 3000000
2823500 / 3000000
2824000 / 3000000
2824500 / 3000000
2825000 / 3000000
2825500 / 3000000
2826000 / 3000000
2826500 / 3000000
2827000 / 3000000
2827500 / 3000000
2828000 / 3000000
2828500 / 3000000
2829000 / 3000000
2829500 / 3000000
2830000 / 3000000
2830500 / 3000000
2831000 / 3000000
2831500 / 3000000
2832000 / 3000000
2832500 / 3000000
2833000 / 3000000
2833500 / 3000000
2834000 / 3000000
2834500 / 3000000
2835000 / 3000000
2835500 / 3000000
2836000 / 3000000
2836500 / 3000000
2837000 / 3000000
2837500 / 3000000
2838000 / 3000000
2838500 / 3000000
2839000 / 3000000
2839500 / 3000000
2840000 / 3000000
2840500 / 3000000
2841000 / 3000000
2841500 / 3000000
2842000 / 3000000
2842500 / 3000000
2843000 / 3000000
2843500 / 3000000
2844000 / 3000000
2844500 / 3000000
2845000 / 3000000
2845500 / 3000000
2846000 / 3000000
2846500 / 3000000
2847000 / 3000000
2847500 / 3000000
2848000 / 3000000
2848500 / 3000000
2849000 / 3000000
2849500 / 3000000
2850000 / 3000000
2850500 / 3000000
2851000 / 3000000
2851500 / 3000000
2852000 / 3000000
2852500 / 3000000
2853000 / 3000000
2853500 / 3000000
2854000 / 3000000
2854500 / 3000000
2855000 / 3000000
2855500 / 3000000
2856000 / 3000000
2856500 / 3000000
2857000 / 3000000
2857500 / 3000000
2858000 / 3000000
2858500 / 3000000
2859000 / 3000000
2859500 / 3000000
2860000 / 3000000
2860500 / 3000000
2861000 / 3000000
2861500 / 3000000
2862000 / 3000000
2862500 / 3000000
2863000 / 3000000
2863500 / 3000000
2864000 / 3000000
2864500 / 3000000
2865000 / 3000000
2865500 / 3000000
2866000 / 3000000
2866500 / 3000000
2867000 / 3000000
2867500 / 3000000
2868000 / 3000000
2868500 / 3000000
2869000 / 3000000
2869500 / 3000000
2870000 / 3000000
2870500 / 3000000
2871000 / 3000000
2871500 / 3000000
2872000 / 3000000
2872500 / 3000000
2873000 / 3000000
2873500 / 3000000
2874000 / 3000000
2874500 / 3000000
2875000 / 3000000
2875500 / 3000000
2876000 / 3000000
2876500 / 3000000
2877000 / 3000000
2877500 / 3000000
2878000 / 3000000
2878500 / 3000000
2879000 / 3000000
2879500 / 3000000
2880000 / 3000000
2880500 / 3000000
2881000 / 3000000
2881500 / 3000000
2882000 / 3000000
2882500 / 3000000
2883000 / 3000000
2883500 / 3000000
2884000 / 3000000
2884500 / 3000000
2885000 / 3000000
2885500 / 3000000
2886000 / 3000000
2886500 / 3000000
2887000 / 3000000
2887500 / 3000000
2888000 / 3000000
2888500 / 3000000
2889000 / 3000000
2889500 / 3000000
2890000 / 3000000
2890500 / 3000000
2891000 / 3000000
2891500 / 3000000
2892000 / 3000000
2892500 / 3000000
2893000 / 3000000
2893500 / 3000000
2894000 / 3000000
2894500 / 3000000
2895000 / 3000000
2895500 / 3000000
2896000 / 3000000
2896500 / 3000000
2897000 / 3000000
2897500 / 3000000
2898000 / 3000000
2898500 / 3000000
2899000 / 3000000
2899500 / 3000000
2900000 / 3000000
2900500 / 3000000
2901000 / 3000000
2901500 / 3000000
2902000 / 3000000
2902500 / 3000000
2903000 / 3000000
2903500 / 3000000
2904000 / 3000000
2904500 / 3000000
2905000 / 3000000
2905500 / 3000000
2906000 / 3000000
2906500 / 3000000
2907000 / 3000000
2907500 / 3000000
2908000 / 3000000
2908500 / 3000000
2909000 / 3000000
2909500 / 3000000
2910000 / 3000000
2910500 / 3000000
2911000 / 3000000
2911500 / 3000000
2912000 / 3000000
2912500 / 3000000
2913000 / 3000000
2913500 / 3000000
2914000 / 3000000
2914500 / 3000000
2915000 / 3000000
2915500 / 3000000
2916000 / 3000000
2916500 / 3000000
2917000 / 3000000
2917500 / 3000000
2918000 / 3000000
2918500 / 3000000
2919000 / 3000000
2919500 / 3000000
2920000 / 3000000
2920500 / 3000000
2921000 / 3000000
2921500 / 3000000
2922000 / 3000000
2922500 / 3000000
2923000 / 3000000
2923500 / 3000000
2924000 / 3000000
2924500 / 3000000
2925000 / 3000000
2925500 / 3000000
2926000 / 3000000
2926500 / 3000000
2927000 / 3000000
2927500 / 3000000
2928000 / 3000000
2928500 / 3000000
2929000 / 3000000
2929500 / 3000000
2930000 / 3000000
2930500 / 3000000
2931000 / 3000000
2931500 / 3000000
2932000 / 3000000
2932500 / 3000000
2933000 / 3000000
2933500 / 3000000
2934000 / 3000000
2934500 / 3000000
2935000 / 3000000
2935500 / 3000000
2936000 / 3000000
2936500 / 3000000
2937000 / 3000000
2937500 / 3000000
2938000 / 3000000
2938500 / 3000000
2939000 / 3000000
2939500 / 3000000
2940000 / 3000000
2940500 / 3000000
2941000 / 3000000
2941500 / 3000000
2942000 / 3000000
2942500 / 3000000
2943000 / 3000000
2943500 / 3000000
2944000 / 3000000
2944500 / 3000000
2945000 / 3000000
2945500 / 3000000
2946000 / 3000000
2946500 / 3000000
2947000 / 3000000
2947500 / 3000000
2948000 / 3000000
2948500 / 3000000
2949000 / 3000000
2949500 / 3000000
2950000 / 3000000
2950500 / 3000000
2951000 / 3000000
2951500 / 3000000
2952000 / 3000000
2952500 / 3000000
2953000 / 3000000
2953500 / 3000000
2954000 / 3000000
2954500 / 3000000
2955000 / 3000000
2955500 / 3000000
2956000 / 3000000
2956500 / 3000000
2957000 / 3000000
2957500 / 3000000
2958000 / 3000000
2958500 / 3000000
2959000 / 3000000
2959500 / 3000000
2960000 / 3000000
2960500 / 3000000
2961000 / 3000000
2961500 / 3000000
2962000 / 3000000
2962500 / 3000000
2963000 / 3000000
2963500 / 3000000
2964000 / 3000000
2964500 / 3000000
2965000 / 3000000
2965500 / 3000000
2966000 / 3000000
2966500 / 3000000
2967000 / 3000000
2967500 / 3000000
2968000 / 3000000
2968500 / 3000000
2969000 / 3000000
2969500 / 3000000
2970000 / 3000000
2970500 / 3000000
2971000 / 3000000
2971500 / 3000000
2972000 / 3000000
2972500 / 3000000
2973000 / 3000000
2973500 / 3000000
2974000 / 3000000
2974500 / 3000000
2975000 / 3000000
2975500 / 3000000
2976000 / 3000000
2976500 / 3000000
2977000 / 3000000
2977500 / 3000000
2978000 / 3000000
2978500 / 3000000
2979000 / 3000000
2979500 / 3000000
2980000 / 3000000
2980500 / 3000000
2981000 / 3000000
2981500 / 3000000
2982000 / 3000000
2982500 / 3000000
2983000 / 3000000
2983500 / 3000000
2984000 / 3000000
2984500 / 3000000
2985000 / 3000000
2985500 / 3000000
2986000 / 3000000
2986500 / 3000000
2987000 / 3000000
2987500 / 3000000
2988000 / 3000000
2988500 / 3000000
2989000 / 3000000
2989500 / 3000000
2990000 / 3000000
2990500 / 3000000
2991000 / 3000000
2991500 / 3000000
2992000 / 3000000
2992500 / 3000000
2993000 / 3000000
2993500 / 3000000
2994000 / 3000000
2994500 / 3000000
2995000 / 3000000
2995500 / 3000000
2996000 / 3000000
2996500 / 3000000
2997000 / 3000000
2997500 / 3000000
2998000 / 3000000
2998500 / 3000000
2999000 / 3000000
2999500 / 3000000
frac_nEventsVPt200 = 0.193177
frac_nEventsVPt250 = 0.106885
frac_nEventsLessThanTwoVBosons = 0.0
Saving histograms in ./output/Histo_WPMJJWPMJJjj_EWK_LO_4f_mmjj150_mWW500.root
ProcessNano.py::DONE::Time(2025-06-23 09:16:14.105463,2025-06-23 11:20:45.667434)::Elapsed(2:04:31)
